fecha,equipo_local,equipo_visitante,goles_local,goles_visitante,goles_totales,tiros_local,tiros_visitante,liga,temporada
2025-08-15T19:00:00Z,Liverpool FC,AFC Bournemouth,4,2,6,,,PL,2025
2025-08-16T11:30:00Z,Aston Villa FC,Newcastle United FC,0,0,0,,,PL,2025
2025-08-16T14:00:00Z,Brighton & Hove Albion FC,Fulham FC,1,1,2,,,PL,2025
2025-08-16T14:00:00Z,Sunderland AFC,West Ham United FC,3,0,3,,,PL,2025
2025-08-16T14:00:00Z,Tottenham Hotspur FC,Burnley FC,3,0,3,,,PL,2025
2025-08-16T16:30:00Z,Wolverhampton Wanderers FC,Manchester City FC,0,4,4,,,PL,2025
2025-08-17T13:00:00Z,Nottingham Forest FC,Brentford FC,3,1,4,,,PL,2025
2025-08-17T13:00:00Z,Chelsea FC,Crystal Palace FC,0,0,0,,,PL,2025
2025-08-17T15:30:00Z,Manchester United FC,Arsenal FC,0,1,1,,,PL,2025
2025-08-18T19:00:00Z,Leeds United FC,Everton FC,1,0,1,,,PL,2025
2025-08-22T19:00:00Z,West Ham United FC,Chelsea FC,1,5,6,,,PL,2025
2025-08-23T11:30:00Z,Manchester City FC,Tottenham Hotspur FC,0,2,2,,,PL,2025
2025-08-23T14:00:00Z,AFC Bournemouth,Wolverhampton Wanderers FC,1,0,1,,,PL,2025
2025-08-23T14:00:00Z,Brentford FC,Aston Villa FC,1,0,1,,,PL,2025
2025-08-23T14:00:00Z,Burnley FC,Sunderland AFC,2,0,2,,,PL,2025
2025-08-23T16:30:00Z,Arsenal FC,Leeds United FC,5,0,5,,,PL,2025
2025-08-24T13:00:00Z,Crystal Palace FC,Nottingham Forest FC,1,1,2,,,PL,2025
2025-08-24T13:00:00Z,Everton FC,Brighton & Hove Albion FC,2,0,2,,,PL,2025
2025-08-24T15:30:00Z,Fulham FC,Manchester United FC,1,1,2,,,PL,2025
2025-08-25T19:00:00Z,Newcastle United FC,Liverpool FC,2,3,5,,,PL,2025
2025-08-30T11:30:00Z,Chelsea FC,Fulham FC,2,0,2,,,PL,2025
2025-08-30T14:00:00Z,Sunderland AFC,Brentford FC,2,1,3,,,PL,2025
2025-08-30T14:00:00Z,Manchester United FC,Burnley FC,3,2,5,,,PL,2025
2025-08-30T14:00:00Z,Tottenham Hotspur FC,AFC Bournemouth,0,1,1,,,PL,2025
2025-08-30T14:00:00Z,Wolverhampton Wanderers FC,Everton FC,2,3,5,,,PL,2025
2025-08-30T16:30:00Z,Leeds United FC,Newcastle United FC,0,0,0,,,PL,2025
2025-08-31T13:00:00Z,Brighton & Hove Albion FC,Manchester City FC,2,1,3,,,PL,2025
2025-08-31T13:00:00Z,Nottingham Forest FC,West Ham United FC,0,3,3,,,PL,2025
2025-08-31T15:30:00Z,Liverpool FC,Arsenal FC,1,0,1,,,PL,2025
2025-08-31T18:00:00Z,Aston Villa FC,Crystal Palace FC,0,3,3,,,PL,2025
2025-09-13T11:30:00Z,Arsenal FC,Nottingham Forest FC,3,0,3,,,PL,2025
2025-09-13T14:00:00Z,AFC Bournemouth,Brighton & Hove Albion FC,2,1,3,,,PL,2025
2025-09-13T14:00:00Z,Crystal Palace FC,Sunderland AFC,0,0,0,,,PL,2025
2025-09-13T14:00:00Z,Everton FC,Aston Villa FC,0,0,0,,,PL,2025
2025-09-13T14:00:00Z,Fulham FC,Leeds United FC,1,0,1,,,PL,2025
2025-09-13T14:00:00Z,Newcastle United FC,Wolverhampton Wanderers FC,1,0,1,,,PL,2025
2025-09-13T16:30:00Z,West Ham United FC,Tottenham Hotspur FC,0,3,3,,,PL,2025
2025-09-13T19:00:00Z,Brentford FC,Chelsea FC,2,2,4,,,PL,2025
2025-09-14T13:00:00Z,Burnley FC,Liverpool FC,0,1,1,,,PL,2025
2025-09-14T15:30:00Z,Manchester City FC,Manchester United FC,3,0,3,,,PL,2025
2025-09-20T11:30:00Z,Liverpool FC,Everton FC,2,1,3,,,PL,2025
2025-09-20T14:00:00Z,Brighton & Hove Albion FC,Tottenham Hotspur FC,2,2,4,,,PL,2025
2025-09-20T14:00:00Z,Burnley FC,Nottingham Forest FC,1,1,2,,,PL,2025
2025-09-20T14:00:00Z,West Ham United FC,Crystal Palace FC,1,2,3,,,PL,2025
2025-09-20T14:00:00Z,Wolverhampton Wanderers FC,Leeds United FC,1,3,4,,,PL,2025
2025-09-20T16:30:00Z,Manchester United FC,Chelsea FC,2,1,3,,,PL,2025
2025-09-20T19:00:00Z,Fulham FC,Brentford FC,3,1,4,,,PL,2025
2025-09-21T13:00:00Z,AFC Bournemouth,Newcastle United FC,0,0,0,,,PL,2025
2025-09-21T13:00:00Z,Sunderland AFC,Aston Villa FC,1,1,2,,,PL,2025
2025-09-21T15:30:00Z,Arsenal FC,Manchester City FC,1,1,2,,,PL,2025
2025-09-27T11:30:00Z,Brentford FC,Manchester United FC,3,1,4,,,PL,2025
2025-09-27T14:00:00Z,Crystal Palace FC,Liverpool FC,2,1,3,,,PL,2025
2025-09-27T14:00:00Z,Chelsea FC,Brighton & Hove Albion FC,1,3,4,,,PL,2025
2025-09-27T14:00:00Z,Leeds United FC,AFC Bournemouth,2,2,4,,,PL,2025
2025-09-27T14:00:00Z,Manchester City FC,Burnley FC,5,1,6,,,PL,2025
2025-09-27T16:30:00Z,Nottingham Forest FC,Sunderland AFC,0,1,1,,,PL,2025
2025-09-27T19:00:00Z,Tottenham Hotspur FC,Wolverhampton Wanderers FC,1,1,2,,,PL,2025
2025-09-28T13:00:00Z,Aston Villa FC,Fulham FC,3,1,4,,,PL,2025
2025-09-28T15:30:00Z,Newcastle United FC,Arsenal FC,1,2,3,,,PL,2025
2025-09-29T19:00:00Z,Everton FC,West Ham United FC,1,1,2,,,PL,2025
2025-10-03T19:00:00Z,AFC Bournemouth,Fulham FC,3,1,4,,,PL,2025
2025-10-04T11:30:00Z,Leeds United FC,Tottenham Hotspur FC,1,2,3,,,PL,2025
2025-10-04T14:00:00Z,Arsenal FC,West Ham United FC,2,0,2,,,PL,2025
2025-10-04T14:00:00Z,Manchester United FC,Sunderland AFC,2,0,2,,,PL,2025
2025-10-04T16:30:00Z,Chelsea FC,Liverpool FC,2,1,3,,,PL,2025
2025-10-05T13:00:00Z,Aston Villa FC,Burnley FC,2,1,3,,,PL,2025
2025-10-05T13:00:00Z,Everton FC,Crystal Palace FC,2,1,3,,,PL,2025
2025-10-05T13:00:00Z,Newcastle United FC,Nottingham Forest FC,2,0,2,,,PL,2025
2025-10-05T13:00:00Z,Wolverhampton Wanderers FC,Brighton & Hove Albion FC,1,1,2,,,PL,2025
2025-10-05T15:30:00Z,Brentford FC,Manchester City FC,0,1,1,,,PL,2025
2025-10-18T11:30:00Z,Nottingham Forest FC,Chelsea FC,0,3,3,,,PL,2025
2025-10-18T14:00:00Z,Brighton & Hove Albion FC,Newcastle United FC,2,1,3,,,PL,2025
2025-10-18T14:00:00Z,Crystal Palace FC,AFC Bournemouth,3,3,6,,,PL,2025
2025-10-18T14:00:00Z,Burnley FC,Leeds United FC,2,0,2,,,PL,2025
2025-10-18T14:00:00Z,Manchester City FC,Everton FC,2,0,2,,,PL,2025
2025-10-18T14:00:00Z,Sunderland AFC,Wolverhampton Wanderers FC,2,0,2,,,PL,2025
2025-10-18T16:30:00Z,Fulham FC,Arsenal FC,0,1,1,,,PL,2025
2025-10-19T13:00:00Z,Tottenham Hotspur FC,Aston Villa FC,1,2,3,,,PL,2025
2025-10-19T15:30:00Z,Liverpool FC,Manchester United FC,1,2,3,,,PL,2025
2025-10-20T19:00:00Z,West Ham United FC,Brentford FC,0,2,2,,,PL,2025
2025-10-24T19:00:00Z,Leeds United FC,West Ham United FC,2,1,3,,,PL,2025
2025-10-25T14:00:00Z,Chelsea FC,Sunderland AFC,1,2,3,,,PL,2025
2025-10-25T14:00:00Z,Newcastle United FC,Fulham FC,2,1,3,,,PL,2025
2025-10-25T16:30:00Z,Manchester United FC,Brighton & Hove Albion FC,4,2,6,,,PL,2025
2025-10-25T19:00:00Z,Brentford FC,Liverpool FC,3,2,5,,,PL,2025
2025-10-26T14:00:00Z,AFC Bournemouth,Nottingham Forest FC,2,0,2,,,PL,2025
2025-10-26T14:00:00Z,Aston Villa FC,Manchester City FC,1,0,1,,,PL,2025
2025-10-26T14:00:00Z,Arsenal FC,Crystal Palace FC,1,0,1,,,PL,2025
2025-10-26T14:00:00Z,Wolverhampton Wanderers FC,Burnley FC,2,3,5,,,PL,2025
2025-10-26T16:30:00Z,Everton FC,Tottenham Hotspur FC,0,3,3,,,PL,2025
2025-11-01T15:00:00Z,Brighton & Hove Albion FC,Leeds United FC,3,0,3,,,PL,2025
2025-11-01T15:00:00Z,Crystal Palace FC,Brentford FC,2,0,2,,,PL,2025
2025-11-01T15:00:00Z,Burnley FC,Arsenal FC,0,2,2,,,PL,2025
2025-11-01T15:00:00Z,Fulham FC,Wolverhampton Wanderers FC,3,0,3,,,PL,2025
2025-11-01T15:00:00Z,Nottingham Forest FC,Manchester United FC,2,2,4,,,PL,2025
2025-11-01T17:30:00Z,Tottenham Hotspur FC,Chelsea FC,0,1,1,,,PL,2025
2025-11-01T20:00:00Z,Liverpool FC,Aston Villa FC,2,0,2,,,PL,2025
2025-11-02T14:00:00Z,West Ham United FC,Newcastle United FC,3,1,4,,,PL,2025
2025-11-02T16:30:00Z,Manchester City FC,AFC Bournemouth,3,1,4,,,PL,2025
2025-11-03T20:00:00Z,Sunderland AFC,Everton FC,1,1,2,,,PL,2025
2025-11-08T12:30:00Z,Tottenham Hotspur FC,Manchester United FC,2,2,4,,,PL,2025
2025-11-08T15:00:00Z,Everton FC,Fulham FC,2,0,2,,,PL,2025
2025-11-08T15:00:00Z,West Ham United FC,Burnley FC,3,2,5,,,PL,2025
2025-11-08T17:30:00Z,Sunderland AFC,Arsenal FC,2,2,4,,,PL,2025
2025-11-08T20:00:00Z,Chelsea FC,Wolverhampton Wanderers FC,3,0,3,,,PL,2025
2025-11-09T14:00:00Z,Aston Villa FC,AFC Bournemouth,4,0,4,,,PL,2025
2025-11-09T14:00:00Z,Crystal Palace FC,Brighton & Hove Albion FC,0,0,0,,,PL,2025
2025-11-09T14:00:00Z,Brentford FC,Newcastle United FC,3,1,4,,,PL,2025
2025-11-09T14:00:00Z,Nottingham Forest FC,Leeds United FC,3,1,4,,,PL,2025
2025-11-09T16:30:00Z,Manchester City FC,Liverpool FC,3,0,3,,,PL,2025
2025-11-22T12:30:00Z,Burnley FC,Chelsea FC,0,2,2,,,PL,2025
2025-11-22T15:00:00Z,AFC Bournemouth,West Ham United FC,2,2,4,,,PL,2025
2025-11-22T15:00:00Z,Brighton & Hove Albion FC,Brentford FC,2,1,3,,,PL,2025
2025-11-22T15:00:00Z,Fulham FC,Sunderland AFC,1,0,1,,,PL,2025
2025-11-22T15:00:00Z,Liverpool FC,Nottingham Forest FC,0,3,3,,,PL,2025
2025-11-22T15:00:00Z,Wolverhampton Wanderers FC,Crystal Palace FC,0,2,2,,,PL,2025
2025-11-22T17:30:00Z,Newcastle United FC,Manchester City FC,2,1,3,,,PL,2025
2025-11-23T14:00:00Z,Leeds United FC,Aston Villa FC,1,2,3,,,PL,2025
2025-11-23T16:30:00Z,Arsenal FC,Tottenham Hotspur FC,4,1,5,,,PL,2025
2025-11-24T20:00:00Z,Manchester United FC,Everton FC,0,1,1,,,PL,2025
2025-11-29T15:00:00Z,Sunderland AFC,AFC Bournemouth,3,2,5,,,PL,2025
2025-11-29T15:00:00Z,Brentford FC,Burnley FC,3,1,4,,,PL,2025
2025-11-29T15:00:00Z,Manchester City FC,Leeds United FC,3,2,5,,,PL,2025
2025-11-29T17:30:00Z,Everton FC,Newcastle United FC,1,4,5,,,PL,2025
2025-11-29T20:00:00Z,Tottenham Hotspur FC,Fulham FC,1,2,3,,,PL,2025
2025-11-30T12:00:00Z,Crystal Palace FC,Manchester United FC,1,2,3,,,PL,2025
2025-11-30T14:05:00Z,Aston Villa FC,Wolverhampton Wanderers FC,1,0,1,,,PL,2025
2025-11-30T14:05:00Z,Nottingham Forest FC,Brighton & Hove Albion FC,0,2,2,,,PL,2025
2025-11-30T14:05:00Z,West Ham United FC,Liverpool FC,0,2,2,,,PL,2025
2025-11-30T16:30:00Z,Chelsea FC,Arsenal FC,1,1,2,,,PL,2025
2025-12-02T19:30:00Z,AFC Bournemouth,Everton FC,0,1,1,,,PL,2025
2025-12-02T19:30:00Z,Fulham FC,Manchester City FC,4,5,9,,,PL,2025
2025-12-02T20:15:00Z,Newcastle United FC,Tottenham Hotspur FC,2,2,4,,,PL,2025
2025-12-03T19:30:00Z,Brighton & Hove Albion FC,Aston Villa FC,3,4,7,,,PL,2025
2025-12-03T19:30:00Z,Arsenal FC,Brentford FC,2,0,2,,,PL,2025
2025-12-03T19:30:00Z,Burnley FC,Crystal Palace FC,0,1,1,,,PL,2025
2025-12-03T19:30:00Z,Wolverhampton Wanderers FC,Nottingham Forest FC,0,1,1,,,PL,2025
2025-12-03T20:15:00Z,Liverpool FC,Sunderland AFC,1,1,2,,,PL,2025
2025-12-03T20:15:00Z,Leeds United FC,Chelsea FC,3,1,4,,,PL,2025
2025-12-04T20:00:00Z,Manchester United FC,West Ham United FC,1,1,2,,,PL,2025
2025-12-06T12:30:00Z,Aston Villa FC,Arsenal FC,2,1,3,,,PL,2025
2025-12-06T15:00:00Z,AFC Bournemouth,Chelsea FC,0,0,0,,,PL,2025
2025-12-06T15:00:00Z,Everton FC,Nottingham Forest FC,3,0,3,,,PL,2025
2025-12-06T15:00:00Z,Manchester City FC,Sunderland AFC,3,0,3,,,PL,2025
2025-12-06T15:00:00Z,Newcastle United FC,Burnley FC,2,1,3,,,PL,2025
2025-12-06T15:00:00Z,Tottenham Hotspur FC,Brentford FC,2,0,2,,,PL,2025
2025-12-06T17:30:00Z,Leeds United FC,Liverpool FC,3,3,6,,,PL,2025
2025-12-07T14:00:00Z,Brighton & Hove Albion FC,West Ham United FC,1,1,2,,,PL,2025
2025-12-07T16:30:00Z,Fulham FC,Crystal Palace FC,1,2,3,,,PL,2025
2025-12-08T20:00:00Z,Wolverhampton Wanderers FC,Manchester United FC,1,4,5,,,PL,2025
2025-12-13T15:00:00Z,Chelsea FC,Everton FC,2,0,2,,,PL,2025
2025-12-13T15:00:00Z,Liverpool FC,Brighton & Hove Albion FC,2,0,2,,,PL,2025
2025-12-13T17:30:00Z,Burnley FC,Fulham FC,2,3,5,,,PL,2025
2025-12-13T20:00:00Z,Arsenal FC,Wolverhampton Wanderers FC,2,1,3,,,PL,2025
2025-12-14T14:00:00Z,Sunderland AFC,Newcastle United FC,1,0,1,,,PL,2025
2025-12-14T14:00:00Z,Crystal Palace FC,Manchester City FC,0,3,3,,,PL,2025
2025-12-14T14:00:00Z,Nottingham Forest FC,Tottenham Hotspur FC,3,0,3,,,PL,2025
2025-12-14T14:00:00Z,West Ham United FC,Aston Villa FC,2,3,5,,,PL,2025
2025-12-14T16:30:00Z,Brentford FC,Leeds United FC,1,1,2,,,PL,2025
2025-12-15T20:00:00Z,Manchester United FC,AFC Bournemouth,4,4,8,,,PL,2025
2025-12-20T12:30:00Z,Newcastle United FC,Chelsea FC,2,2,4,,,PL,2025
2025-12-20T15:00:00Z,AFC Bournemouth,Burnley FC,1,1,2,,,PL,2025
2025-12-20T15:00:00Z,Brighton & Hove Albion FC,Sunderland AFC,0,0,0,,,PL,2025
2025-12-20T15:00:00Z,Manchester City FC,West Ham United FC,3,0,3,,,PL,2025
2025-12-20T15:00:00Z,Wolverhampton Wanderers FC,Brentford FC,0,2,2,,,PL,2025
2025-12-20T17:30:00Z,Tottenham Hotspur FC,Liverpool FC,1,2,3,,,PL,2025
2025-12-20T20:00:00Z,Everton FC,Arsenal FC,0,1,1,,,PL,2025
2025-12-20T20:00:00Z,Leeds United FC,Crystal Palace FC,4,1,5,,,PL,2025
2025-12-21T16:30:00Z,Aston Villa FC,Manchester United FC,2,1,3,,,PL,2025
2025-12-22T20:00:00Z,Fulham FC,Nottingham Forest FC,1,0,1,,,PL,2025
2025-12-26T20:00:00Z,Manchester United FC,Newcastle United FC,1,0,1,,,PL,2025
2025-12-27T12:30:00Z,Nottingham Forest FC,Manchester City FC,1,2,3,,,PL,2025
2025-12-27T15:00:00Z,Arsenal FC,Brighton & Hove Albion FC,2,1,3,,,PL,2025
2025-12-27T15:00:00Z,Brentford FC,AFC Bournemouth,4,1,5,,,PL,2025
2025-12-27T15:00:00Z,Burnley FC,Everton FC,0,0,0,,,PL,2025
2025-12-27T15:00:00Z,Liverpool FC,Wolverhampton Wanderers FC,2,1,3,,,PL,2025
2025-12-27T15:00:00Z,West Ham United FC,Fulham FC,0,1,1,,,PL,2025
2025-12-27T17:30:00Z,Chelsea FC,Aston Villa FC,1,2,3,,,PL,2025
2025-12-28T14:00:00Z,Sunderland AFC,Leeds United FC,1,1,2,,,PL,2025
2025-12-28T16:30:00Z,Crystal Palace FC,Tottenham Hotspur FC,0,1,1,,,PL,2025
2025-12-30T19:30:00Z,Burnley FC,Newcastle United FC,1,3,4,,,PL,2025
2025-12-30T19:30:00Z,Chelsea FC,AFC Bournemouth,2,2,4,,,PL,2025
2025-12-30T19:30:00Z,Nottingham Forest FC,Everton FC,0,2,2,,,PL,2025
2025-12-30T19:30:00Z,West Ham United FC,Brighton & Hove Albion FC,2,2,4,,,PL,2025
2025-12-30T20:15:00Z,Arsenal FC,Aston Villa FC,4,1,5,,,PL,2025
2025-12-30T20:15:00Z,Manchester United FC,Wolverhampton Wanderers FC,1,1,2,,,PL,2025
2026-01-01T17:30:00Z,Crystal Palace FC,Fulham FC,1,1,2,,,PL,2026
2026-01-01T17:30:00Z,Liverpool FC,Leeds United FC,0,0,0,,,PL,2026
2026-01-01T20:00:00Z,Sunderland AFC,Manchester City FC,0,0,0,,,PL,2026
2026-01-01T20:00:00Z,Brentford FC,Tottenham Hotspur FC,0,0,0,,,PL,2026
2026-01-03T12:30:00Z,Aston Villa FC,Nottingham Forest FC,3,1,4,,,PL,2026
2026-01-03T15:00:00Z,Brighton & Hove Albion FC,Burnley FC,2,0,2,,,PL,2026
2026-01-03T15:00:00Z,Wolverhampton Wanderers FC,West Ham United FC,3,0,3,,,PL,2026
2026-01-03T17:30:00Z,AFC Bournemouth,Arsenal FC,2,3,5,,,PL,2026
2026-01-04T12:30:00Z,Leeds United FC,Manchester United FC,1,1,2,,,PL,2026
2026-01-04T15:00:00Z,Everton FC,Brentford FC,2,4,6,,,PL,2026
2026-01-04T15:00:00Z,Newcastle United FC,Crystal Palace FC,2,0,2,,,PL,2026
2026-01-04T15:00:00Z,Tottenham Hotspur FC,Sunderland AFC,1,1,2,,,PL,2026
2026-01-04T15:15:00Z,Fulham FC,Liverpool FC,2,2,4,,,PL,2026
2026-01-04T17:30:00Z,Manchester City FC,Chelsea FC,1,1,2,,,PL,2026
2026-01-06T20:00:00Z,West Ham United FC,Nottingham Forest FC,1,2,3,,,PL,2026
2026-01-07T19:30:00Z,AFC Bournemouth,Tottenham Hotspur FC,3,2,5,,,PL,2026
2026-01-07T19:30:00Z,Crystal Palace FC,Aston Villa FC,0,0,0,,,PL,2026
2026-01-07T19:30:00Z,Brentford FC,Sunderland AFC,3,0,3,,,PL,2026
2026-01-07T19:30:00Z,Everton FC,Wolverhampton Wanderers FC,1,1,2,,,PL,2026
2026-01-07T19:30:00Z,Fulham FC,Chelsea FC,2,1,3,,,PL,2026
2026-01-07T19:30:00Z,Manchester City FC,Brighton & Hove Albion FC,1,1,2,,,PL,2026
2026-01-07T20:15:00Z,Burnley FC,Manchester United FC,2,2,4,,,PL,2026
2026-01-07T20:15:00Z,Newcastle United FC,Leeds United FC,4,3,7,,,PL,2026
2026-01-08T20:00:00Z,Arsenal FC,Liverpool FC,0,0,0,,,PL,2026
2026-01-17T12:30:00Z,Manchester United FC,Manchester City FC,2,0,2,,,PL,2026
2026-01-17T15:00:00Z,Sunderland AFC,Crystal Palace FC,2,1,3,,,PL,2026
2026-01-17T15:00:00Z,Chelsea FC,Brentford FC,2,0,2,,,PL,2026
2026-01-17T15:00:00Z,Liverpool FC,Burnley FC,1,1,2,,,PL,2026
2026-01-17T15:00:00Z,Leeds United FC,Fulham FC,1,0,1,,,PL,2026
2026-01-17T15:00:00Z,Tottenham Hotspur FC,West Ham United FC,1,2,3,,,PL,2026
2026-01-17T17:30:00Z,Nottingham Forest FC,Arsenal FC,0,0,0,,,PL,2026
2026-01-18T14:00:00Z,Wolverhampton Wanderers FC,Newcastle United FC,0,0,0,,,PL,2026
2026-01-18T16:30:00Z,Aston Villa FC,Everton FC,0,1,1,,,PL,2026
2026-01-19T20:00:00Z,Brighton & Hove Albion FC,AFC Bournemouth,1,1,2,,,PL,2026
2026-01-24T12:30:00Z,West Ham United FC,Sunderland AFC,3,1,4,,,PL,2026
2026-01-24T15:00:00Z,Burnley FC,Tottenham Hotspur FC,2,2,4,,,PL,2026
2026-01-24T15:00:00Z,Fulham FC,Brighton & Hove Albion FC,2,1,3,,,PL,2026
2026-01-24T15:00:00Z,Manchester City FC,Wolverhampton Wanderers FC,2,0,2,,,PL,2026
2026-01-24T17:30:00Z,AFC Bournemouth,Liverpool FC,3,2,5,,,PL,2026
2026-01-25T14:00:00Z,Crystal Palace FC,Chelsea FC,1,3,4,,,PL,2026
2026-01-25T14:00:00Z,Brentford FC,Nottingham Forest FC,0,2,2,,,PL,2026
2026-01-25T14:00:00Z,Newcastle United FC,Aston Villa FC,0,2,2,,,PL,2026
2026-01-25T16:30:00Z,Arsenal FC,Manchester United FC,2,3,5,,,PL,2026
2026-01-26T20:00:00Z,Everton FC,Leeds United FC,1,1,2,,,PL,2026
2026-01-31T15:00:00Z,Brighton & Hove Albion FC,Everton FC,1,1,2,,,PL,2026
2026-01-31T15:00:00Z,Leeds United FC,Arsenal FC,0,4,4,,,PL,2026
2026-01-31T15:00:00Z,Wolverhampton Wanderers FC,AFC Bournemouth,0,2,2,,,PL,2026
2026-01-31T17:30:00Z,Chelsea FC,West Ham United FC,3,2,5,,,PL,2026
2026-01-31T20:00:00Z,Liverpool FC,Newcastle United FC,4,1,5,,,PL,2026
2026-02-01T14:00:00Z,Aston Villa FC,Brentford FC,0,1,1,,,PL,2026
2026-02-01T14:00:00Z,Manchester United FC,Fulham FC,3,2,5,,,PL,2026
2026-02-01T14:00:00Z,Nottingham Forest FC,Crystal Palace FC,1,1,2,,,PL,2026
2026-02-01T16:30:00Z,Tottenham Hotspur FC,Manchester City FC,2,2,4,,,PL,2026
2026-02-02T20:00:00Z,Sunderland AFC,Burnley FC,3,0,3,,,PL,2026
2026-02-06T20:00:00Z,Leeds United FC,Nottingham Forest FC,3,1,4,,,PL,2026
2026-02-07T12:30:00Z,Manchester United FC,Tottenham Hotspur FC,2,0,2,,,PL,2026
2026-02-07T15:00:00Z,AFC Bournemouth,Aston Villa FC,1,1,2,,,PL,2026
2026-02-07T15:00:00Z,Arsenal FC,Sunderland AFC,3,0,3,,,PL,2026
2026-02-07T15:00:00Z,Burnley FC,West Ham United FC,0,2,2,,,PL,2026
2026-02-07T15:00:00Z,Fulham FC,Everton FC,1,2,3,,,PL,2026
2026-02-07T15:00:00Z,Wolverhampton Wanderers FC,Chelsea FC,1,3,4,,,PL,2026
2026-02-07T17:30:00Z,Newcastle United FC,Brentford FC,2,3,5,,,PL,2026
2026-02-08T14:00:00Z,Brighton & Hove Albion FC,Crystal Palace FC,0,1,1,,,PL,2026
2026-02-08T16:30:00Z,Liverpool FC,Manchester City FC,1,2,3,,,PL,2026
2026-02-10T19:30:00Z,Chelsea FC,Leeds United FC,2,2,4,,,PL,2026
2026-02-10T19:30:00Z,Everton FC,AFC Bournemouth,1,2,3,,,PL,2026
2026-02-10T19:30:00Z,Tottenham Hotspur FC,Newcastle United FC,1,2,3,,,PL,2026
2026-02-10T20:15:00Z,West Ham United FC,Manchester United FC,1,1,2,,,PL,2026
2026-02-11T19:30:00Z,Aston Villa FC,Brighton & Hove Albion FC,1,0,1,,,PL,2026
2026-02-11T19:30:00Z,Manchester City FC,Fulham FC,3,0,3,,,PL,2026
2026-02-11T19:30:00Z,Nottingham Forest FC,Wolverhampton Wanderers FC,0,0,0,,,PL,2026
2026-02-11T19:40:00Z,Crystal Palace FC,Burnley FC,2,3,5,,,PL,2026
2026-02-11T20:15:00Z,Sunderland AFC,Liverpool FC,0,1,1,,,PL,2026
2026-02-12T20:00:00Z,Brentford FC,Arsenal FC,1,1,2,,,PL,2026
2026-02-18T20:00:00Z,Wolverhampton Wanderers FC,Arsenal FC,2,2,4,,,PL,2026
2026-02-21T15:00:00Z,Aston Villa FC,Leeds United FC,1,1,2,,,PL,2026
2026-02-21T15:00:00Z,Brentford FC,Brighton & Hove Albion FC,0,2,2,,,PL,2026
2026-02-21T15:00:00Z,Chelsea FC,Burnley FC,1,1,2,,,PL,2026
2026-02-21T17:30:00Z,West Ham United FC,AFC Bournemouth,0,0,0,,,PL,2026
2026-02-21T20:00:00Z,Manchester City FC,Newcastle United FC,2,1,3,,,PL,2026
2026-02-22T14:00:00Z,Sunderland AFC,Fulham FC,1,3,4,,,PL,2026
2026-02-22T14:00:00Z,Crystal Palace FC,Wolverhampton Wanderers FC,1,0,1,,,PL,2026
2026-02-22T14:00:00Z,Nottingham Forest FC,Liverpool FC,0,1,1,,,PL,2026
2026-02-22T16:30:00Z,Tottenham Hotspur FC,Arsenal FC,1,4,5,,,PL,2026
2026-02-23T20:00:00Z,Everton FC,Manchester United FC,0,1,1,,,PL,2026
2026-02-27T20:00:00Z,Wolverhampton Wanderers FC,Aston Villa FC,2,0,2,,,PL,2026
2026-02-28T12:30:00Z,AFC Bournemouth,Sunderland AFC,1,1,2,,,PL,2026
2026-02-28T15:00:00Z,Burnley FC,Brentford FC,3,4,7,,,PL,2026
2026-02-28T15:00:00Z,Liverpool FC,West Ham United FC,5,2,7,,,PL,2026
2026-02-28T15:00:00Z,Newcastle United FC,Everton FC,2,3,5,,,PL,2026
2026-02-28T17:30:00Z,Leeds United FC,Manchester City FC,0,1,1,,,PL,2026
2026-03-01T14:00:00Z,Brighton & Hove Albion FC,Nottingham Forest FC,2,1,3,,,PL,2026
2026-03-01T14:00:00Z,Fulham FC,Tottenham Hotspur FC,2,1,3,,,PL,2026
2026-03-01T14:00:00Z,Manchester United FC,Crystal Palace FC,2,1,3,,,PL,2026
2026-03-01T16:30:00Z,Arsenal FC,Chelsea FC,2,1,3,,,PL,2026
2026-03-03T19:30:00Z,AFC Bournemouth,Brentford FC,0,0,0,,,PL,2026
2026-03-03T19:30:00Z,Everton FC,Burnley FC,2,0,2,,,PL,2026
2026-03-03T19:30:00Z,Leeds United FC,Sunderland AFC,0,1,1,,,PL,2026
2026-03-03T20:15:00Z,Wolverhampton Wanderers FC,Liverpool FC,2,1,3,,,PL,2026
2026-03-04T19:30:00Z,Aston Villa FC,Chelsea FC,1,4,5,,,PL,2026
2026-03-04T19:30:00Z,Brighton & Hove Albion FC,Arsenal FC,0,1,1,,,PL,2026
2026-03-04T19:30:00Z,Fulham FC,West Ham United FC,0,1,1,,,PL,2026
2026-03-04T19:30:00Z,Manchester City FC,Nottingham Forest FC,2,2,4,,,PL,2026
2026-03-04T20:15:00Z,Newcastle United FC,Manchester United FC,2,1,3,,,PL,2026
2026-03-05T20:00:00Z,Tottenham Hotspur FC,Crystal Palace FC,1,3,4,,,PL,2026
2025-08-15T17:00:00Z,Girona FC,Rayo Vallecano de Madrid,1,3,4,,,PD,2025
2025-08-15T19:30:00Z,Villarreal CF,Real Oviedo,2,0,2,,,PD,2025
2025-08-16T17:30:00Z,RCD Mallorca,FC Barcelona,0,3,3,,,PD,2025
2025-08-16T19:30:00Z,Deportivo Alavés,Levante UD,2,1,3,,,PD,2025
2025-08-16T19:30:00Z,Valencia CF,Real Sociedad de Fútbol,1,1,2,,,PD,2025
2025-08-17T15:00:00Z,RC Celta de Vigo,Getafe CF,0,2,2,,,PD,2025
2025-08-17T17:30:00Z,Athletic Club,Sevilla FC,3,2,5,,,PD,2025
2025-08-17T19:30:00Z,RCD Espanyol de Barcelona,Club Atlético de Madrid,2,1,3,,,PD,2025
2025-08-18T19:00:00Z,Elche CF,Real Betis Balompié,1,1,2,,,PD,2025
2025-08-19T19:00:00Z,Real Madrid CF,CA Osasuna,1,0,1,,,PD,2025
2025-08-22T19:30:00Z,Real Betis Balompié,Deportivo Alavés,1,0,1,,,PD,2025
2025-08-23T15:00:00Z,RCD Mallorca,RC Celta de Vigo,1,1,2,,,PD,2025
2025-08-23T17:30:00Z,Club Atlético de Madrid,Elche CF,1,1,2,,,PD,2025
2025-08-23T19:30:00Z,Levante UD,FC Barcelona,2,3,5,,,PD,2025
2025-08-24T15:00:00Z,CA Osasuna,Valencia CF,1,0,1,,,PD,2025
2025-08-24T17:30:00Z,Real Sociedad de Fútbol,RCD Espanyol de Barcelona,2,2,4,,,PD,2025
2025-08-24T17:30:00Z,Villarreal CF,Girona FC,5,0,5,,,PD,2025
2025-08-24T19:30:00Z,Real Oviedo,Real Madrid CF,0,3,3,,,PD,2025
2025-08-25T17:30:00Z,Athletic Club,Rayo Vallecano de Madrid,1,0,1,,,PD,2025
2025-08-25T19:30:00Z,Sevilla FC,Getafe CF,1,2,3,,,PD,2025
2025-08-27T19:00:00Z,RC Celta de Vigo,Real Betis Balompié,1,1,2,,,PD,2025
2025-08-29T17:30:00Z,Elche CF,Levante UD,2,0,2,,,PD,2025
2025-08-29T19:30:00Z,Valencia CF,Getafe CF,3,0,3,,,PD,2025
2025-08-30T15:00:00Z,Deportivo Alavés,Club Atlético de Madrid,1,1,2,,,PD,2025
2025-08-30T17:00:00Z,Real Oviedo,Real Sociedad de Fútbol,1,0,1,,,PD,2025
2025-08-30T17:30:00Z,Girona FC,Sevilla FC,0,2,2,,,PD,2025
2025-08-30T19:30:00Z,Real Madrid CF,RCD Mallorca,2,1,3,,,PD,2025
2025-08-31T15:00:00Z,RC Celta de Vigo,Villarreal CF,1,1,2,,,PD,2025
2025-08-31T17:00:00Z,Real Betis Balompié,Athletic Club,1,2,3,,,PD,2025
2025-08-31T17:30:00Z,RCD Espanyol de Barcelona,CA Osasuna,1,0,1,,,PD,2025
2025-08-31T19:30:00Z,Rayo Vallecano de Madrid,FC Barcelona,1,1,2,,,PD,2025
2025-09-12T19:00:00Z,Sevilla FC,Elche CF,2,2,4,,,PD,2025
2025-09-13T12:00:00Z,Getafe CF,Real Oviedo,2,0,2,,,PD,2025
2025-09-13T14:15:00Z,Real Sociedad de Fútbol,Real Madrid CF,1,2,3,,,PD,2025
2025-09-13T16:30:00Z,Athletic Club,Deportivo Alavés,0,1,1,,,PD,2025
2025-09-13T19:00:00Z,Club Atlético de Madrid,Villarreal CF,2,0,2,,,PD,2025
2025-09-14T12:00:00Z,RC Celta de Vigo,Girona FC,1,1,2,,,PD,2025
2025-09-14T14:15:00Z,Levante UD,Real Betis Balompié,2,2,4,,,PD,2025
2025-09-14T16:30:00Z,CA Osasuna,Rayo Vallecano de Madrid,2,0,2,,,PD,2025
2025-09-14T19:00:00Z,FC Barcelona,Valencia CF,6,0,6,,,PD,2025
2025-09-15T19:00:00Z,RCD Espanyol de Barcelona,RCD Mallorca,3,2,5,,,PD,2025
2025-09-19T19:00:00Z,Real Betis Balompié,Real Sociedad de Fútbol,3,1,4,,,PD,2025
2025-09-20T12:00:00Z,Girona FC,Levante UD,0,4,4,,,PD,2025
2025-09-20T14:15:00Z,Real Madrid CF,RCD Espanyol de Barcelona,2,0,2,,,PD,2025
2025-09-20T16:30:00Z,Villarreal CF,CA Osasuna,2,1,3,,,PD,2025
2025-09-20T16:30:00Z,Deportivo Alavés,Sevilla FC,1,2,3,,,PD,2025
2025-09-20T19:00:00Z,Valencia CF,Athletic Club,2,0,2,,,PD,2025
2025-09-21T12:00:00Z,Rayo Vallecano de Madrid,RC Celta de Vigo,1,1,2,,,PD,2025
2025-09-21T14:15:00Z,RCD Mallorca,Club Atlético de Madrid,1,1,2,,,PD,2025
2025-09-21T16:30:00Z,Elche CF,Real Oviedo,1,0,1,,,PD,2025
2025-09-21T19:00:00Z,FC Barcelona,Getafe CF,3,0,3,,,PD,2025
2025-09-23T17:00:00Z,Athletic Club,Girona FC,1,1,2,,,PD,2025
2025-09-23T17:00:00Z,RCD Espanyol de Barcelona,Valencia CF,2,2,4,,,PD,2025
2025-09-23T19:30:00Z,Levante UD,Real Madrid CF,1,4,5,,,PD,2025
2025-09-23T19:30:00Z,Sevilla FC,Villarreal CF,1,2,3,,,PD,2025
2025-09-24T17:00:00Z,Getafe CF,Deportivo Alavés,1,1,2,,,PD,2025
2025-09-24T19:30:00Z,Club Atlético de Madrid,Rayo Vallecano de Madrid,3,2,5,,,PD,2025
2025-09-24T19:30:00Z,Real Sociedad de Fútbol,RCD Mallorca,1,0,1,,,PD,2025
2025-09-25T17:30:00Z,CA Osasuna,Elche CF,1,1,2,,,PD,2025
2025-09-25T19:30:00Z,Real Oviedo,FC Barcelona,1,3,4,,,PD,2025
2025-09-26T19:00:00Z,Girona FC,RCD Espanyol de Barcelona,0,0,0,,,PD,2025
2025-09-27T12:00:00Z,Getafe CF,Levante UD,1,1,2,,,PD,2025
2025-09-27T14:15:00Z,Club Atlético de Madrid,Real Madrid CF,5,2,7,,,PD,2025
2025-09-27T16:30:00Z,RCD Mallorca,Deportivo Alavés,1,0,1,,,PD,2025
2025-09-27T19:00:00Z,Villarreal CF,Athletic Club,1,0,1,,,PD,2025
2025-09-28T12:00:00Z,Rayo Vallecano de Madrid,Sevilla FC,0,1,1,,,PD,2025
2025-09-28T14:15:00Z,Elche CF,RC Celta de Vigo,2,1,3,,,PD,2025
2025-09-28T16:30:00Z,FC Barcelona,Real Sociedad de Fútbol,2,1,3,,,PD,2025
2025-09-28T19:00:00Z,Real Betis Balompié,CA Osasuna,2,0,2,,,PD,2025
2025-09-30T18:00:00Z,Valencia CF,Real Oviedo,1,2,3,,,PD,2025
2025-10-03T19:00:00Z,CA Osasuna,Getafe CF,2,1,3,,,PD,2025
2025-10-04T12:00:00Z,Real Oviedo,Levante UD,0,2,2,,,PD,2025
2025-10-04T14:15:00Z,Girona FC,Valencia CF,2,1,3,,,PD,2025
2025-10-04T16:30:00Z,Athletic Club,RCD Mallorca,2,1,3,,,PD,2025
2025-10-04T19:00:00Z,Real Madrid CF,Villarreal CF,3,1,4,,,PD,2025
2025-10-05T12:00:00Z,Deportivo Alavés,Elche CF,3,1,4,,,PD,2025
2025-10-05T14:15:00Z,Sevilla FC,FC Barcelona,4,1,5,,,PD,2025
2025-10-05T16:30:00Z,RCD Espanyol de Barcelona,Real Betis Balompié,1,2,3,,,PD,2025
2025-10-05T16:30:00Z,Real Sociedad de Fútbol,Rayo Vallecano de Madrid,0,1,1,,,PD,2025
2025-10-05T19:00:00Z,RC Celta de Vigo,Club Atlético de Madrid,1,1,2,,,PD,2025
2025-10-17T19:00:00Z,Real Oviedo,RCD Espanyol de Barcelona,0,2,2,,,PD,2025
2025-10-18T12:00:00Z,Sevilla FC,RCD Mallorca,1,3,4,,,PD,2025
2025-10-18T14:15:00Z,FC Barcelona,Girona FC,2,1,3,,,PD,2025
2025-10-18T16:30:00Z,Villarreal CF,Real Betis Balompié,2,2,4,,,PD,2025
2025-10-18T19:00:00Z,Club Atlético de Madrid,CA Osasuna,1,0,1,,,PD,2025
2025-10-19T12:00:00Z,Elche CF,Athletic Club,0,0,0,,,PD,2025
2025-10-19T14:15:00Z,RC Celta de Vigo,Real Sociedad de Fútbol,1,1,2,,,PD,2025
2025-10-19T16:30:00Z,Levante UD,Rayo Vallecano de Madrid,0,3,3,,,PD,2025
2025-10-19T19:00:00Z,Getafe CF,Real Madrid CF,0,1,1,,,PD,2025
2025-10-20T19:00:00Z,Deportivo Alavés,Valencia CF,0,0,0,,,PD,2025
2025-10-24T19:00:00Z,Real Sociedad de Fútbol,Sevilla FC,2,1,3,,,PD,2025
2025-10-25T12:00:00Z,Girona FC,Real Oviedo,3,3,6,,,PD,2025
2025-10-25T14:15:00Z,RCD Espanyol de Barcelona,Elche CF,1,0,1,,,PD,2025
2025-10-25T16:30:00Z,Athletic Club,Getafe CF,0,1,1,,,PD,2025
2025-10-25T19:00:00Z,Valencia CF,Villarreal CF,0,2,2,,,PD,2025
2025-10-26T13:00:00Z,RCD Mallorca,Levante UD,1,1,2,,,PD,2025
2025-10-26T15:15:00Z,Real Madrid CF,FC Barcelona,2,1,3,,,PD,2025
2025-10-26T17:30:00Z,CA Osasuna,RC Celta de Vigo,2,3,5,,,PD,2025
2025-10-26T20:00:00Z,Rayo Vallecano de Madrid,Deportivo Alavés,1,0,1,,,PD,2025
2025-10-27T20:00:00Z,Real Betis Balompié,Club Atlético de Madrid,0,2,2,,,PD,2025
2025-10-31T20:00:00Z,Getafe CF,Girona FC,2,1,3,,,PD,2025
2025-11-01T13:00:00Z,Villarreal CF,Rayo Vallecano de Madrid,4,0,4,,,PD,2025
2025-11-01T15:15:00Z,Club Atlético de Madrid,Sevilla FC,3,0,3,,,PD,2025
2025-11-01T17:30:00Z,Real Sociedad de Fútbol,Athletic Club,3,2,5,,,PD,2025
2025-11-01T20:00:00Z,Real Madrid CF,Valencia CF,4,0,4,,,PD,2025
2025-11-02T13:00:00Z,Levante UD,RC Celta de Vigo,1,2,3,,,PD,2025
2025-11-02T15:15:00Z,Deportivo Alavés,RCD Espanyol de Barcelona,2,1,3,,,PD,2025
2025-11-02T17:30:00Z,FC Barcelona,Elche CF,3,1,4,,,PD,2025
2025-11-02T20:00:00Z,Real Betis Balompié,RCD Mallorca,3,0,3,,,PD,2025
2025-11-03T20:00:00Z,Real Oviedo,CA Osasuna,0,0,0,,,PD,2025
2025-11-07T20:00:00Z,Elche CF,Real Sociedad de Fútbol,1,1,2,,,PD,2025
2025-11-08T13:00:00Z,Girona FC,Deportivo Alavés,1,0,1,,,PD,2025
2025-11-08T15:15:00Z,Sevilla FC,CA Osasuna,1,0,1,,,PD,2025
2025-11-08T17:30:00Z,Club Atlético de Madrid,Levante UD,3,1,4,,,PD,2025
2025-11-08T20:00:00Z,RCD Espanyol de Barcelona,Villarreal CF,0,2,2,,,PD,2025
2025-11-09T13:00:00Z,Athletic Club,Real Oviedo,1,0,1,,,PD,2025
2025-11-09T15:15:00Z,Rayo Vallecano de Madrid,Real Madrid CF,0,0,0,,,PD,2025
2025-11-09T17:30:00Z,Valencia CF,Real Betis Balompié,1,1,2,,,PD,2025
2025-11-09T17:30:00Z,RCD Mallorca,Getafe CF,1,0,1,,,PD,2025
2025-11-09T20:00:00Z,RC Celta de Vigo,FC Barcelona,2,4,6,,,PD,2025
2025-11-21T20:00:00Z,Valencia CF,Levante UD,1,0,1,,,PD,2025
2025-11-22T13:00:00Z,Deportivo Alavés,RC Celta de Vigo,0,1,1,,,PD,2025
2025-11-22T15:15:00Z,FC Barcelona,Athletic Club,4,0,4,,,PD,2025
2025-11-22T17:30:00Z,CA Osasuna,Real Sociedad de Fútbol,1,3,4,,,PD,2025
2025-11-22T20:00:00Z,Villarreal CF,RCD Mallorca,2,1,3,,,PD,2025
2025-11-23T13:00:00Z,Real Oviedo,Rayo Vallecano de Madrid,0,0,0,,,PD,2025
2025-11-23T15:15:00Z,Real Betis Balompié,Girona FC,1,1,2,,,PD,2025
2025-11-23T17:30:00Z,Getafe CF,Club Atlético de Madrid,0,1,1,,,PD,2025
2025-11-23T20:00:00Z,Elche CF,Real Madrid CF,2,2,4,,,PD,2025
2025-11-24T20:00:00Z,RCD Espanyol de Barcelona,Sevilla FC,2,1,3,,,PD,2025
2025-11-28T20:00:00Z,Getafe CF,Elche CF,1,0,1,,,PD,2025
2025-11-29T13:00:00Z,RCD Mallorca,CA Osasuna,2,2,4,,,PD,2025
2025-11-29T15:15:00Z,FC Barcelona,Deportivo Alavés,3,1,4,,,PD,2025
2025-11-29T17:30:00Z,Levante UD,Athletic Club,0,2,2,,,PD,2025
2025-11-29T20:00:00Z,Club Atlético de Madrid,Real Oviedo,2,0,2,,,PD,2025
2025-11-30T13:00:00Z,Real Sociedad de Fútbol,Villarreal CF,2,3,5,,,PD,2025
2025-11-30T15:15:00Z,Sevilla FC,Real Betis Balompié,0,2,2,,,PD,2025
2025-11-30T17:30:00Z,RC Celta de Vigo,RCD Espanyol de Barcelona,0,1,1,,,PD,2025
2025-11-30T20:00:00Z,Girona FC,Real Madrid CF,1,1,2,,,PD,2025
2025-12-01T20:00:00Z,Rayo Vallecano de Madrid,Valencia CF,1,1,2,,,PD,2025
2025-12-02T20:00:00Z,FC Barcelona,Club Atlético de Madrid,3,1,4,,,PD,2025
2025-12-03T18:00:00Z,Athletic Club,Real Madrid CF,0,3,3,,,PD,2025
2025-12-05T20:00:00Z,Real Oviedo,RCD Mallorca,0,0,0,,,PD,2025
2025-12-06T13:00:00Z,Villarreal CF,Getafe CF,2,0,2,,,PD,2025
2025-12-06T15:15:00Z,Deportivo Alavés,Real Sociedad de Fútbol,1,0,1,,,PD,2025
2025-12-06T17:30:00Z,Real Betis Balompié,FC Barcelona,3,5,8,,,PD,2025
2025-12-06T20:00:00Z,Athletic Club,Club Atlético de Madrid,1,0,1,,,PD,2025
2025-12-07T13:00:00Z,Elche CF,Girona FC,3,0,3,,,PD,2025
2025-12-07T15:15:00Z,Valencia CF,Sevilla FC,1,1,2,,,PD,2025
2025-12-07T17:30:00Z,RCD Espanyol de Barcelona,Rayo Vallecano de Madrid,1,0,1,,,PD,2025
2025-12-07T20:00:00Z,Real Madrid CF,RC Celta de Vigo,0,2,2,,,PD,2025
2025-12-08T20:00:00Z,CA Osasuna,Levante UD,2,0,2,,,PD,2025
2025-12-12T20:00:00Z,Real Sociedad de Fútbol,Girona FC,1,2,3,,,PD,2025
2025-12-13T13:00:00Z,Club Atlético de Madrid,Valencia CF,2,1,3,,,PD,2025
2025-12-13T15:15:00Z,RCD Mallorca,Elche CF,3,1,4,,,PD,2025
2025-12-13T17:30:00Z,FC Barcelona,CA Osasuna,2,0,2,,,PD,2025
2025-12-13T20:00:00Z,Getafe CF,RCD Espanyol de Barcelona,0,1,1,,,PD,2025
2025-12-14T13:00:00Z,Sevilla FC,Real Oviedo,4,0,4,,,PD,2025
2025-12-14T15:15:00Z,RC Celta de Vigo,Athletic Club,2,0,2,,,PD,2025
2025-12-14T20:00:00Z,Deportivo Alavés,Real Madrid CF,1,2,3,,,PD,2025
2025-12-15T20:00:00Z,Rayo Vallecano de Madrid,Real Betis Balompié,0,0,0,,,PD,2025
2025-12-19T20:00:00Z,Valencia CF,RCD Mallorca,1,1,2,,,PD,2025
2025-12-20T13:00:00Z,Real Oviedo,RC Celta de Vigo,0,0,0,,,PD,2025
2025-12-20T15:15:00Z,Levante UD,Real Sociedad de Fútbol,1,1,2,,,PD,2025
2025-12-20T17:30:00Z,CA Osasuna,Deportivo Alavés,3,0,3,,,PD,2025
2025-12-20T20:00:00Z,Real Madrid CF,Sevilla FC,2,0,2,,,PD,2025
2025-12-21T13:00:00Z,Girona FC,Club Atlético de Madrid,0,3,3,,,PD,2025
2025-12-21T15:15:00Z,Villarreal CF,FC Barcelona,0,2,2,,,PD,2025
2025-12-21T17:30:00Z,Elche CF,Rayo Vallecano de Madrid,4,0,4,,,PD,2025
2025-12-21T20:00:00Z,Real Betis Balompié,Getafe CF,4,0,4,,,PD,2025
2025-12-22T20:00:00Z,Athletic Club,RCD Espanyol de Barcelona,1,2,3,,,PD,2025
2026-01-02T20:00:00Z,Rayo Vallecano de Madrid,Getafe CF,1,1,2,,,PD,2026
2026-01-03T13:00:00Z,RC Celta de Vigo,Valencia CF,4,1,5,,,PD,2026
2026-01-03T15:15:00Z,CA Osasuna,Athletic Club,1,1,2,,,PD,2026
2026-01-03T17:30:00Z,Elche CF,Villarreal CF,1,3,4,,,PD,2026
2026-01-03T20:00:00Z,RCD Espanyol de Barcelona,FC Barcelona,0,2,2,,,PD,2026
2026-01-04T13:00:00Z,Sevilla FC,Levante UD,0,3,3,,,PD,2026
2026-01-04T15:15:00Z,Real Madrid CF,Real Betis Balompié,5,1,6,,,PD,2026
2026-01-04T17:30:00Z,Deportivo Alavés,Real Oviedo,1,1,2,,,PD,2026
2026-01-04T17:30:00Z,RCD Mallorca,Girona FC,1,2,3,,,PD,2026
2026-01-04T20:00:00Z,Real Sociedad de Fútbol,Club Atlético de Madrid,1,1,2,,,PD,2026
2026-01-09T20:00:00Z,Getafe CF,Real Sociedad de Fútbol,1,2,3,,,PD,2026
2026-01-10T13:00:00Z,Real Oviedo,Real Betis Balompié,1,1,2,,,PD,2026
2026-01-10T15:15:00Z,Villarreal CF,Deportivo Alavés,3,1,4,,,PD,2026
2026-01-10T17:30:00Z,Girona FC,CA Osasuna,1,0,1,,,PD,2026
2026-01-10T20:00:00Z,Valencia CF,Elche CF,1,1,2,,,PD,2026
2026-01-11T13:00:00Z,Rayo Vallecano de Madrid,RCD Mallorca,2,1,3,,,PD,2026
2026-01-11T15:15:00Z,Levante UD,RCD Espanyol de Barcelona,1,1,2,,,PD,2026
2026-01-12T20:00:00Z,Sevilla FC,RC Celta de Vigo,0,1,1,,,PD,2026
2026-01-16T20:00:00Z,RCD Espanyol de Barcelona,Girona FC,0,2,2,,,PD,2026
2026-01-17T13:00:00Z,Real Madrid CF,Levante UD,2,0,2,,,PD,2026
2026-01-17T15:15:00Z,RCD Mallorca,Athletic Club,3,2,5,,,PD,2026
2026-01-17T17:30:00Z,CA Osasuna,Real Oviedo,3,2,5,,,PD,2026
2026-01-17T20:00:00Z,Real Betis Balompié,Villarreal CF,2,0,2,,,PD,2026
2026-01-18T13:00:00Z,Getafe CF,Valencia CF,0,1,1,,,PD,2026
2026-01-18T15:15:00Z,Club Atlético de Madrid,Deportivo Alavés,1,0,1,,,PD,2026
2026-01-18T17:30:00Z,RC Celta de Vigo,Rayo Vallecano de Madrid,3,0,3,,,PD,2026
2026-01-18T20:00:00Z,Real Sociedad de Fútbol,FC Barcelona,2,1,3,,,PD,2026
2026-01-19T20:00:00Z,Elche CF,Sevilla FC,2,2,4,,,PD,2026
2026-01-23T20:00:00Z,Levante UD,Elche CF,3,2,5,,,PD,2026
2026-01-24T13:00:00Z,Rayo Vallecano de Madrid,CA Osasuna,1,3,4,,,PD,2026
2026-01-24T15:15:00Z,Valencia CF,RCD Espanyol de Barcelona,3,2,5,,,PD,2026
2026-01-24T17:30:00Z,Sevilla FC,Athletic Club,2,1,3,,,PD,2026
2026-01-24T20:00:00Z,Villarreal CF,Real Madrid CF,0,2,2,,,PD,2026
2026-01-25T13:00:00Z,Club Atlético de Madrid,RCD Mallorca,3,0,3,,,PD,2026
2026-01-25T15:15:00Z,FC Barcelona,Real Oviedo,3,0,3,,,PD,2026
2026-01-25T17:30:00Z,Real Sociedad de Fútbol,RC Celta de Vigo,3,1,4,,,PD,2026
2026-01-25T20:00:00Z,Deportivo Alavés,Real Betis Balompié,2,1,3,,,PD,2026
2026-01-26T20:00:00Z,Girona FC,Getafe CF,1,1,2,,,PD,2026
2026-01-30T20:00:00Z,RCD Espanyol de Barcelona,Deportivo Alavés,1,2,3,,,PD,2026
2026-01-31T13:00:00Z,Real Oviedo,Girona FC,1,0,1,,,PD,2026
2026-01-31T15:15:00Z,CA Osasuna,Villarreal CF,2,2,4,,,PD,2026
2026-01-31T17:30:00Z,Levante UD,Club Atlético de Madrid,0,0,0,,,PD,2026
2026-01-31T20:00:00Z,Elche CF,FC Barcelona,1,3,4,,,PD,2026
2026-02-01T13:00:00Z,Real Madrid CF,Rayo Vallecano de Madrid,2,1,3,,,PD,2026
2026-02-01T15:15:00Z,Real Betis Balompié,Valencia CF,2,1,3,,,PD,2026
2026-02-01T17:30:00Z,Getafe CF,RC Celta de Vigo,0,0,0,,,PD,2026
2026-02-01T20:00:00Z,Athletic Club,Real Sociedad de Fútbol,1,1,2,,,PD,2026
2026-02-02T20:00:00Z,RCD Mallorca,Sevilla FC,4,1,5,,,PD,2026
2026-02-06T20:00:00Z,RC Celta de Vigo,CA Osasuna,1,2,3,,,PD,2026
2026-02-07T15:15:00Z,FC Barcelona,RCD Mallorca,3,0,3,,,PD,2026
2026-02-07T20:00:00Z,Real Sociedad de Fútbol,Elche CF,3,1,4,,,PD,2026
2026-02-08T13:00:00Z,Deportivo Alavés,Getafe CF,0,2,2,,,PD,2026
2026-02-08T15:15:00Z,Athletic Club,Levante UD,4,2,6,,,PD,2026
2026-02-08T15:15:00Z,Sevilla FC,Girona FC,1,1,2,,,PD,2026
2026-02-08T17:30:00Z,Club Atlético de Madrid,Real Betis Balompié,0,1,1,,,PD,2026
2026-02-08T20:00:00Z,Valencia CF,Real Madrid CF,0,2,2,,,PD,2026
2026-02-09T20:00:00Z,Villarreal CF,RCD Espanyol de Barcelona,4,1,5,,,PD,2026
2026-02-13T20:00:00Z,Elche CF,CA Osasuna,0,0,0,,,PD,2026
2026-02-14T13:00:00Z,RCD Espanyol de Barcelona,RC Celta de Vigo,2,2,4,,,PD,2026
2026-02-14T15:15:00Z,Getafe CF,Villarreal CF,2,1,3,,,PD,2026
2026-02-14T17:30:00Z,Sevilla FC,Deportivo Alavés,1,1,2,,,PD,2026
2026-02-14T20:00:00Z,Real Madrid CF,Real Sociedad de Fútbol,4,1,5,,,PD,2026
2026-02-15T13:00:00Z,Real Oviedo,Athletic Club,1,2,3,,,PD,2026
2026-02-15T15:15:00Z,Rayo Vallecano de Madrid,Club Atlético de Madrid,3,0,3,,,PD,2026
2026-02-15T17:30:00Z,Levante UD,Valencia CF,0,2,2,,,PD,2026
2026-02-15T20:00:00Z,RCD Mallorca,Real Betis Balompié,1,2,3,,,PD,2026
2026-02-16T20:00:00Z,Girona FC,FC Barcelona,2,1,3,,,PD,2026
2026-02-18T19:00:00Z,Levante UD,Villarreal CF,0,1,1,,,PD,2026
2026-02-20T20:00:00Z,Athletic Club,Elche CF,2,1,3,,,PD,2026
2026-02-21T13:00:00Z,Real Sociedad de Fútbol,Real Oviedo,3,3,6,,,PD,2026
2026-02-21T15:15:00Z,Real Betis Balompié,Rayo Vallecano de Madrid,1,1,2,,,PD,2026
2026-02-21T17:30:00Z,CA Osasuna,Real Madrid CF,2,1,3,,,PD,2026
2026-02-21T20:00:00Z,Club Atlético de Madrid,RCD Espanyol de Barcelona,4,2,6,,,PD,2026
2026-02-22T13:00:00Z,Getafe CF,Sevilla FC,0,1,1,,,PD,2026
2026-02-22T15:15:00Z,FC Barcelona,Levante UD,3,0,3,,,PD,2026
2026-02-22T17:30:00Z,RC Celta de Vigo,RCD Mallorca,2,0,2,,,PD,2026
2026-02-22T20:00:00Z,Villarreal CF,Valencia CF,2,1,3,,,PD,2026
2026-02-23T20:00:00Z,Deportivo Alavés,Girona FC,2,2,4,,,PD,2026
2026-02-27T20:00:00Z,Levante UD,Deportivo Alavés,2,0,2,,,PD,2026
2026-02-28T13:00:00Z,Rayo Vallecano de Madrid,Athletic Club,1,1,2,,,PD,2026
2026-02-28T15:15:00Z,FC Barcelona,Villarreal CF,4,1,5,,,PD,2026
2026-02-28T17:30:00Z,RCD Mallorca,Real Sociedad de Fútbol,0,1,1,,,PD,2026
2026-02-28T20:00:00Z,Real Oviedo,Club Atlético de Madrid,0,1,1,,,PD,2026
2026-03-01T13:00:00Z,Elche CF,RCD Espanyol de Barcelona,2,2,4,,,PD,2026
2026-03-01T15:15:00Z,Valencia CF,CA Osasuna,1,0,1,,,PD,2026
2026-03-01T17:30:00Z,Real Betis Balompié,Sevilla FC,2,2,4,,,PD,2026
2026-03-01T20:00:00Z,Girona FC,RC Celta de Vigo,1,2,3,,,PD,2026
2026-03-02T20:00:00Z,Real Madrid CF,Getafe CF,0,1,1,,,PD,2026
2026-03-04T18:00:00Z,Rayo Vallecano de Madrid,Real Oviedo,3,0,3,,,PD,2026
2026-03-06T20:00:00Z,RC Celta de Vigo,Real Madrid CF,1,2,3,,,PD,2026
2026-03-07T13:00:00Z,CA Osasuna,RCD Mallorca,2,2,4,,,PD,2026
2026-03-07T15:15:00Z,Levante UD,Girona FC,1,1,2,,,PD,2026
2025-08-22T18:30:00Z,FC Bayern München,RB Leipzig,6,0,6,,,BL1,2025
2025-08-23T13:30:00Z,Eintracht Frankfurt,SV Werder Bremen,4,1,5,,,BL1,2025
2025-08-23T13:30:00Z,Bayer 04 Leverkusen,TSG 1899 Hoffenheim,1,2,3,,,BL1,2025
2025-08-23T13:30:00Z,SC Freiburg,FC Augsburg,1,3,4,,,BL1,2025
2025-08-23T13:30:00Z,1. FC Union Berlin,VfB Stuttgart,2,1,3,,,BL1,2025
2025-08-23T13:30:00Z,1. FC Heidenheim 1846,VfL Wolfsburg,1,3,4,,,BL1,2025
2025-08-23T16:30:00Z,FC St. Pauli 1910,Borussia Dortmund,3,3,6,,,BL1,2025
2025-08-24T13:30:00Z,1. FSV Mainz 05,1. FC Köln,0,1,1,,,BL1,2025
2025-08-24T15:30:00Z,Borussia Mönchengladbach,Hamburger SV,0,0,0,,,BL1,2025
2025-08-29T18:30:00Z,Hamburger SV,FC St. Pauli 1910,0,2,2,,,BL1,2025
2025-08-30T13:30:00Z,RB Leipzig,1. FC Heidenheim 1846,2,0,2,,,BL1,2025
2025-08-30T13:30:00Z,SV Werder Bremen,Bayer 04 Leverkusen,3,3,6,,,BL1,2025
2025-08-30T13:30:00Z,VfB Stuttgart,Borussia Mönchengladbach,1,0,1,,,BL1,2025
2025-08-30T13:30:00Z,TSG 1899 Hoffenheim,Eintracht Frankfurt,1,3,4,,,BL1,2025
2025-08-30T16:30:00Z,FC Augsburg,FC Bayern München,2,3,5,,,BL1,2025
2025-08-31T13:30:00Z,VfL Wolfsburg,1. FSV Mainz 05,1,1,2,,,BL1,2025
2025-08-31T15:30:00Z,Borussia Dortmund,1. FC Union Berlin,3,0,3,,,BL1,2025
2025-08-31T17:30:00Z,1. FC Köln,SC Freiburg,4,1,5,,,BL1,2025
2025-09-12T18:30:00Z,Bayer 04 Leverkusen,Eintracht Frankfurt,3,1,4,,,BL1,2025
2025-09-13T13:30:00Z,SC Freiburg,VfB Stuttgart,3,1,4,,,BL1,2025
2025-09-13T13:30:00Z,1. FSV Mainz 05,RB Leipzig,0,1,1,,,BL1,2025
2025-09-13T13:30:00Z,VfL Wolfsburg,1. FC Köln,3,3,6,,,BL1,2025
2025-09-13T13:30:00Z,1. FC Union Berlin,TSG 1899 Hoffenheim,2,4,6,,,BL1,2025
2025-09-13T13:30:00Z,1. FC Heidenheim 1846,Borussia Dortmund,0,2,2,,,BL1,2025
2025-09-13T16:30:00Z,FC Bayern München,Hamburger SV,5,0,5,,,BL1,2025
2025-09-14T13:30:00Z,FC St. Pauli 1910,FC Augsburg,2,1,3,,,BL1,2025
2025-09-14T15:30:00Z,Borussia Mönchengladbach,SV Werder Bremen,0,4,4,,,BL1,2025
2025-09-19T18:30:00Z,VfB Stuttgart,FC St. Pauli 1910,2,0,2,,,BL1,2025
2025-09-20T13:30:00Z,SV Werder Bremen,SC Freiburg,0,3,3,,,BL1,2025
2025-09-20T13:30:00Z,FC Augsburg,1. FSV Mainz 05,1,4,5,,,BL1,2025
2025-09-20T13:30:00Z,TSG 1899 Hoffenheim,FC Bayern München,1,4,5,,,BL1,2025
2025-09-20T13:30:00Z,Hamburger SV,1. FC Heidenheim 1846,2,1,3,,,BL1,2025
2025-09-20T16:30:00Z,RB Leipzig,1. FC Köln,3,1,4,,,BL1,2025
2025-09-21T13:30:00Z,Eintracht Frankfurt,1. FC Union Berlin,3,4,7,,,BL1,2025
2025-09-21T15:30:00Z,Bayer 04 Leverkusen,Borussia Mönchengladbach,1,1,2,,,BL1,2025
2025-09-21T17:30:00Z,Borussia Dortmund,VfL Wolfsburg,1,0,1,,,BL1,2025
2025-09-26T18:30:00Z,FC Bayern München,SV Werder Bremen,4,0,4,,,BL1,2025
2025-09-27T13:30:00Z,1. FSV Mainz 05,Borussia Dortmund,0,2,2,,,BL1,2025
2025-09-27T13:30:00Z,VfL Wolfsburg,RB Leipzig,0,1,1,,,BL1,2025
2025-09-27T13:30:00Z,FC St. Pauli 1910,Bayer 04 Leverkusen,1,2,3,,,BL1,2025
2025-09-27T13:30:00Z,1. FC Heidenheim 1846,FC Augsburg,2,1,3,,,BL1,2025
2025-09-27T16:30:00Z,Borussia Mönchengladbach,Eintracht Frankfurt,4,6,10,,,BL1,2025
2025-09-28T13:30:00Z,SC Freiburg,TSG 1899 Hoffenheim,1,1,2,,,BL1,2025
2025-09-28T15:30:00Z,1. FC Köln,VfB Stuttgart,1,2,3,,,BL1,2025
2025-09-28T17:30:00Z,1. FC Union Berlin,Hamburger SV,0,0,0,,,BL1,2025
2025-10-03T18:30:00Z,TSG 1899 Hoffenheim,1. FC Köln,0,1,1,,,BL1,2025
2025-10-04T13:30:00Z,Bayer 04 Leverkusen,1. FC Union Berlin,2,0,2,,,BL1,2025
2025-10-04T13:30:00Z,Borussia Dortmund,RB Leipzig,1,1,2,,,BL1,2025
2025-10-04T13:30:00Z,SV Werder Bremen,FC St. Pauli 1910,1,0,1,,,BL1,2025
2025-10-04T13:30:00Z,FC Augsburg,VfL Wolfsburg,3,1,4,,,BL1,2025
2025-10-04T16:30:00Z,Eintracht Frankfurt,FC Bayern München,0,3,3,,,BL1,2025
2025-10-05T13:30:00Z,VfB Stuttgart,1. FC Heidenheim 1846,1,0,1,,,BL1,2025
2025-10-05T15:30:00Z,Hamburger SV,1. FSV Mainz 05,4,0,4,,,BL1,2025
2025-10-05T17:30:00Z,Borussia Mönchengladbach,SC Freiburg,0,0,0,,,BL1,2025
2025-10-17T18:30:00Z,1. FC Union Berlin,Borussia Mönchengladbach,3,1,4,,,BL1,2025
2025-10-18T13:30:00Z,1. FSV Mainz 05,Bayer 04 Leverkusen,3,4,7,,,BL1,2025
2025-10-18T13:30:00Z,RB Leipzig,Hamburger SV,2,1,3,,,BL1,2025
2025-10-18T13:30:00Z,VfL Wolfsburg,VfB Stuttgart,0,3,3,,,BL1,2025
2025-10-18T13:30:00Z,1. FC Heidenheim 1846,SV Werder Bremen,2,2,4,,,BL1,2025
2025-10-18T13:30:00Z,1. FC Köln,FC Augsburg,1,1,2,,,BL1,2025
2025-10-18T16:30:00Z,FC Bayern München,Borussia Dortmund,2,1,3,,,BL1,2025
2025-10-19T13:30:00Z,SC Freiburg,Eintracht Frankfurt,2,2,4,,,BL1,2025
2025-10-19T15:30:00Z,FC St. Pauli 1910,TSG 1899 Hoffenheim,0,3,3,,,BL1,2025
2025-10-24T18:30:00Z,SV Werder Bremen,1. FC Union Berlin,1,0,1,,,BL1,2025
2025-10-25T13:30:00Z,Eintracht Frankfurt,FC St. Pauli 1910,2,0,2,,,BL1,2025
2025-10-25T13:30:00Z,FC Augsburg,RB Leipzig,0,6,6,,,BL1,2025
2025-10-25T13:30:00Z,TSG 1899 Hoffenheim,1. FC Heidenheim 1846,3,1,4,,,BL1,2025
2025-10-25T13:30:00Z,Hamburger SV,VfL Wolfsburg,0,1,1,,,BL1,2025
2025-10-25T13:45:00Z,Borussia Mönchengladbach,FC Bayern München,0,3,3,,,BL1,2025
2025-10-25T16:30:00Z,Borussia Dortmund,1. FC Köln,1,0,1,,,BL1,2025
2025-10-26T14:30:00Z,Bayer 04 Leverkusen,SC Freiburg,2,0,2,,,BL1,2025
2025-10-26T16:30:00Z,VfB Stuttgart,1. FSV Mainz 05,2,1,3,,,BL1,2025
2025-10-31T19:30:00Z,FC Augsburg,Borussia Dortmund,0,1,1,,,BL1,2025
2025-11-01T14:30:00Z,1. FSV Mainz 05,SV Werder Bremen,1,1,2,,,BL1,2025
2025-11-01T14:30:00Z,RB Leipzig,VfB Stuttgart,3,1,4,,,BL1,2025
2025-11-01T14:30:00Z,1. FC Union Berlin,SC Freiburg,0,0,0,,,BL1,2025
2025-11-01T14:30:00Z,FC St. Pauli 1910,Borussia Mönchengladbach,0,4,4,,,BL1,2025
2025-11-01T14:30:00Z,1. FC Heidenheim 1846,Eintracht Frankfurt,1,1,2,,,BL1,2025
2025-11-01T17:30:00Z,FC Bayern München,Bayer 04 Leverkusen,3,0,3,,,BL1,2025
2025-11-02T14:30:00Z,1. FC Köln,Hamburger SV,4,1,5,,,BL1,2025
2025-11-02T16:30:00Z,VfL Wolfsburg,TSG 1899 Hoffenheim,2,3,5,,,BL1,2025
2025-11-07T19:30:00Z,SV Werder Bremen,VfL Wolfsburg,2,1,3,,,BL1,2025
2025-11-08T14:30:00Z,Bayer 04 Leverkusen,1. FC Heidenheim 1846,6,0,6,,,BL1,2025
2025-11-08T14:30:00Z,1. FC Union Berlin,FC Bayern München,2,2,4,,,BL1,2025
2025-11-08T14:30:00Z,TSG 1899 Hoffenheim,RB Leipzig,3,1,4,,,BL1,2025
2025-11-08T14:30:00Z,Hamburger SV,Borussia Dortmund,1,1,2,,,BL1,2025
2025-11-08T17:30:00Z,Borussia Mönchengladbach,1. FC Köln,3,1,4,,,BL1,2025
2025-11-09T14:30:00Z,SC Freiburg,FC St. Pauli 1910,2,1,3,,,BL1,2025
2025-11-09T16:30:00Z,VfB Stuttgart,FC Augsburg,3,2,5,,,BL1,2025
2025-11-09T18:30:00Z,Eintracht Frankfurt,1. FSV Mainz 05,1,0,1,,,BL1,2025
2025-11-21T19:30:00Z,1. FSV Mainz 05,TSG 1899 Hoffenheim,1,1,2,,,BL1,2025
2025-11-22T14:30:00Z,FC Bayern München,SC Freiburg,6,2,8,,,BL1,2025
2025-11-22T14:30:00Z,Borussia Dortmund,VfB Stuttgart,3,3,6,,,BL1,2025
2025-11-22T14:30:00Z,VfL Wolfsburg,Bayer 04 Leverkusen,1,3,4,,,BL1,2025
2025-11-22T14:30:00Z,FC Augsburg,Hamburger SV,1,0,1,,,BL1,2025
2025-11-22T14:30:00Z,1. FC Heidenheim 1846,Borussia Mönchengladbach,0,3,3,,,BL1,2025
2025-11-22T17:30:00Z,1. FC Köln,Eintracht Frankfurt,3,4,7,,,BL1,2025
2025-11-23T14:30:00Z,RB Leipzig,SV Werder Bremen,2,0,2,,,BL1,2025
2025-11-23T16:30:00Z,FC St. Pauli 1910,1. FC Union Berlin,0,1,1,,,BL1,2025
2025-11-28T19:30:00Z,Borussia Mönchengladbach,RB Leipzig,0,0,0,,,BL1,2025
2025-11-29T14:30:00Z,FC Bayern München,FC St. Pauli 1910,3,1,4,,,BL1,2025
2025-11-29T14:30:00Z,SV Werder Bremen,1. FC Köln,1,1,2,,,BL1,2025
2025-11-29T14:30:00Z,1. FC Union Berlin,1. FC Heidenheim 1846,1,2,3,,,BL1,2025
2025-11-29T14:30:00Z,TSG 1899 Hoffenheim,FC Augsburg,3,0,3,,,BL1,2025
2025-11-29T17:30:00Z,Bayer 04 Leverkusen,Borussia Dortmund,1,2,3,,,BL1,2025
2025-11-30T14:30:00Z,Hamburger SV,VfB Stuttgart,2,1,3,,,BL1,2025
2025-11-30T16:30:00Z,Eintracht Frankfurt,VfL Wolfsburg,1,1,2,,,BL1,2025
2025-11-30T18:30:00Z,SC Freiburg,1. FSV Mainz 05,4,0,4,,,BL1,2025
2025-12-05T19:30:00Z,1. FSV Mainz 05,Borussia Mönchengladbach,0,1,1,,,BL1,2025
2025-12-06T14:30:00Z,VfB Stuttgart,FC Bayern München,0,5,5,,,BL1,2025
2025-12-06T14:30:00Z,VfL Wolfsburg,1. FC Union Berlin,3,1,4,,,BL1,2025
2025-12-06T14:30:00Z,1. FC Heidenheim 1846,SC Freiburg,2,1,3,,,BL1,2025
2025-12-06T14:30:00Z,1. FC Köln,FC St. Pauli 1910,1,1,2,,,BL1,2025
2025-12-06T14:30:00Z,FC Augsburg,Bayer 04 Leverkusen,2,0,2,,,BL1,2025
2025-12-06T17:30:00Z,RB Leipzig,Eintracht Frankfurt,6,0,6,,,BL1,2025
2025-12-07T14:30:00Z,Hamburger SV,SV Werder Bremen,3,2,5,,,BL1,2025
2025-12-07T16:30:00Z,Borussia Dortmund,TSG 1899 Hoffenheim,2,0,2,,,BL1,2025
2025-12-12T19:30:00Z,1. FC Union Berlin,RB Leipzig,3,1,4,,,BL1,2025
2025-12-13T14:30:00Z,Eintracht Frankfurt,FC Augsburg,1,0,1,,,BL1,2025
2025-12-13T14:30:00Z,Borussia Mönchengladbach,VfL Wolfsburg,1,3,4,,,BL1,2025
2025-12-13T14:30:00Z,FC St. Pauli 1910,1. FC Heidenheim 1846,2,1,3,,,BL1,2025
2025-12-13T14:30:00Z,TSG 1899 Hoffenheim,Hamburger SV,4,1,5,,,BL1,2025
2025-12-13T17:30:00Z,Bayer 04 Leverkusen,1. FC Köln,2,0,2,,,BL1,2025
2025-12-14T14:30:00Z,SC Freiburg,Borussia Dortmund,1,1,2,,,BL1,2025
2025-12-14T16:30:00Z,FC Bayern München,1. FSV Mainz 05,2,2,4,,,BL1,2025
2025-12-14T18:30:00Z,SV Werder Bremen,VfB Stuttgart,0,4,4,,,BL1,2025
2025-12-19T19:30:00Z,Borussia Dortmund,Borussia Mönchengladbach,2,0,2,,,BL1,2025
2025-12-20T14:30:00Z,VfB Stuttgart,TSG 1899 Hoffenheim,0,0,0,,,BL1,2025
2025-12-20T14:30:00Z,VfL Wolfsburg,SC Freiburg,3,4,7,,,BL1,2025
2025-12-20T14:30:00Z,FC Augsburg,SV Werder Bremen,0,0,0,,,BL1,2025
2025-12-20T14:30:00Z,1. FC Köln,1. FC Union Berlin,0,1,1,,,BL1,2025
2025-12-20T14:30:00Z,Hamburger SV,Eintracht Frankfurt,1,1,2,,,BL1,2025
2025-12-20T17:30:00Z,RB Leipzig,Bayer 04 Leverkusen,1,3,4,,,BL1,2025
2025-12-21T14:30:00Z,1. FSV Mainz 05,FC St. Pauli 1910,0,0,0,,,BL1,2025
2025-12-21T16:30:00Z,1. FC Heidenheim 1846,FC Bayern München,0,4,4,,,BL1,2025
2026-01-09T19:30:00Z,Eintracht Frankfurt,Borussia Dortmund,3,3,6,,,BL1,2026
2026-01-10T14:30:00Z,SC Freiburg,Hamburger SV,2,1,3,,,BL1,2026
2026-01-10T14:30:00Z,1. FC Union Berlin,1. FSV Mainz 05,2,2,4,,,BL1,2026
2026-01-10T14:30:00Z,1. FC Heidenheim 1846,1. FC Köln,2,2,4,,,BL1,2026
2026-01-10T17:30:00Z,Bayer 04 Leverkusen,VfB Stuttgart,1,4,5,,,BL1,2026
2026-01-11T14:30:00Z,Borussia Mönchengladbach,FC Augsburg,4,0,4,,,BL1,2026
2026-01-11T16:30:00Z,FC Bayern München,VfL Wolfsburg,8,1,9,,,BL1,2026
2026-01-13T17:30:00Z,VfB Stuttgart,Eintracht Frankfurt,3,2,5,,,BL1,2026
2026-01-13T19:30:00Z,Borussia Dortmund,SV Werder Bremen,3,0,3,,,BL1,2026
2026-01-13T19:30:00Z,1. FSV Mainz 05,1. FC Heidenheim 1846,2,1,3,,,BL1,2026
2026-01-14T17:30:00Z,VfL Wolfsburg,FC St. Pauli 1910,2,1,3,,,BL1,2026
2026-01-14T19:30:00Z,RB Leipzig,SC Freiburg,2,0,2,,,BL1,2026
2026-01-14T19:30:00Z,TSG 1899 Hoffenheim,Borussia Mönchengladbach,5,1,6,,,BL1,2026
2026-01-14T19:30:00Z,1. FC Köln,FC Bayern München,1,3,4,,,BL1,2026
2026-01-15T19:30:00Z,FC Augsburg,1. FC Union Berlin,1,1,2,,,BL1,2026
2026-01-16T19:30:00Z,SV Werder Bremen,Eintracht Frankfurt,3,3,6,,,BL1,2026
2026-01-17T14:30:00Z,TSG 1899 Hoffenheim,Bayer 04 Leverkusen,1,0,1,,,BL1,2026
2026-01-17T14:30:00Z,1. FC Köln,1. FSV Mainz 05,2,1,3,,,BL1,2026
2026-01-17T14:30:00Z,Hamburger SV,Borussia Mönchengladbach,0,0,0,,,BL1,2026
2026-01-17T14:30:00Z,Borussia Dortmund,FC St. Pauli 1910,3,2,5,,,BL1,2026
2026-01-17T14:30:00Z,VfL Wolfsburg,1. FC Heidenheim 1846,1,1,2,,,BL1,2026
2026-01-17T17:30:00Z,RB Leipzig,FC Bayern München,1,5,6,,,BL1,2026
2026-01-18T14:30:00Z,VfB Stuttgart,1. FC Union Berlin,1,1,2,,,BL1,2026
2026-01-18T16:30:00Z,FC Augsburg,SC Freiburg,2,2,4,,,BL1,2026
2026-01-23T19:30:00Z,FC St. Pauli 1910,Hamburger SV,0,0,0,,,BL1,2026
2026-01-24T14:30:00Z,1. FC Heidenheim 1846,RB Leipzig,0,3,3,,,BL1,2026
2026-01-24T14:30:00Z,Bayer 04 Leverkusen,SV Werder Bremen,1,0,1,,,BL1,2026
2026-01-24T14:30:00Z,1. FSV Mainz 05,VfL Wolfsburg,3,1,4,,,BL1,2026
2026-01-24T14:30:00Z,FC Bayern München,FC Augsburg,1,2,3,,,BL1,2026
2026-01-24T14:30:00Z,Eintracht Frankfurt,TSG 1899 Hoffenheim,1,3,4,,,BL1,2026
2026-01-24T17:30:00Z,1. FC Union Berlin,Borussia Dortmund,0,3,3,,,BL1,2026
2026-01-25T14:30:00Z,Borussia Mönchengladbach,VfB Stuttgart,0,3,3,,,BL1,2026
2026-01-25T16:30:00Z,SC Freiburg,1. FC Köln,2,1,3,,,BL1,2026
2026-01-27T19:30:00Z,SV Werder Bremen,TSG 1899 Hoffenheim,0,2,2,,,BL1,2026
2026-01-27T19:30:00Z,FC St. Pauli 1910,RB Leipzig,1,1,2,,,BL1,2026
2026-01-30T19:30:00Z,1. FC Köln,VfL Wolfsburg,1,0,1,,,BL1,2026
2026-01-31T14:30:00Z,Eintracht Frankfurt,Bayer 04 Leverkusen,1,3,4,,,BL1,2026
2026-01-31T14:30:00Z,RB Leipzig,1. FSV Mainz 05,1,2,3,,,BL1,2026
2026-01-31T14:30:00Z,SV Werder Bremen,Borussia Mönchengladbach,1,1,2,,,BL1,2026
2026-01-31T14:30:00Z,TSG 1899 Hoffenheim,1. FC Union Berlin,3,1,4,,,BL1,2026
2026-01-31T14:30:00Z,FC Augsburg,FC St. Pauli 1910,2,1,3,,,BL1,2026
2026-01-31T17:30:00Z,Hamburger SV,FC Bayern München,2,2,4,,,BL1,2026
2026-02-01T14:30:00Z,VfB Stuttgart,SC Freiburg,1,0,1,,,BL1,2026
2026-02-01T16:30:00Z,Borussia Dortmund,1. FC Heidenheim 1846,3,2,5,,,BL1,2026
2026-02-06T19:30:00Z,1. FC Union Berlin,Eintracht Frankfurt,1,1,2,,,BL1,2026
2026-02-07T14:30:00Z,VfL Wolfsburg,Borussia Dortmund,1,2,3,,,BL1,2026
2026-02-07T14:30:00Z,SC Freiburg,SV Werder Bremen,1,0,1,,,BL1,2026
2026-02-07T14:30:00Z,FC St. Pauli 1910,VfB Stuttgart,2,1,3,,,BL1,2026
2026-02-07T14:30:00Z,1. FSV Mainz 05,FC Augsburg,2,0,2,,,BL1,2026
2026-02-07T14:30:00Z,1. FC Heidenheim 1846,Hamburger SV,0,2,2,,,BL1,2026
2026-02-07T17:30:00Z,Borussia Mönchengladbach,Bayer 04 Leverkusen,1,1,2,,,BL1,2026
2026-02-08T14:30:00Z,1. FC Köln,RB Leipzig,1,2,3,,,BL1,2026
2026-02-08T16:30:00Z,FC Bayern München,TSG 1899 Hoffenheim,5,1,6,,,BL1,2026
2026-02-13T19:30:00Z,Borussia Dortmund,1. FSV Mainz 05,4,0,4,,,BL1,2026
2026-02-14T14:30:00Z,SV Werder Bremen,FC Bayern München,0,3,3,,,BL1,2026
2026-02-14T14:30:00Z,TSG 1899 Hoffenheim,SC Freiburg,3,0,3,,,BL1,2026
2026-02-14T14:30:00Z,Eintracht Frankfurt,Borussia Mönchengladbach,3,0,3,,,BL1,2026
2026-02-14T14:30:00Z,Hamburger SV,1. FC Union Berlin,3,2,5,,,BL1,2026
2026-02-14T14:30:00Z,Bayer 04 Leverkusen,FC St. Pauli 1910,4,0,4,,,BL1,2026
2026-02-14T17:30:00Z,VfB Stuttgart,1. FC Köln,3,1,4,,,BL1,2026
2026-02-15T14:30:00Z,FC Augsburg,1. FC Heidenheim 1846,1,0,1,,,BL1,2026
2026-02-15T16:30:00Z,RB Leipzig,VfL Wolfsburg,2,2,4,,,BL1,2026
2026-02-20T19:30:00Z,1. FSV Mainz 05,Hamburger SV,1,1,2,,,BL1,2026
2026-02-21T14:30:00Z,1. FC Union Berlin,Bayer 04 Leverkusen,1,0,1,,,BL1,2026
2026-02-21T14:30:00Z,FC Bayern München,Eintracht Frankfurt,3,2,5,,,BL1,2026
2026-02-21T14:30:00Z,VfL Wolfsburg,FC Augsburg,2,3,5,,,BL1,2026
2026-02-21T14:30:00Z,1. FC Köln,TSG 1899 Hoffenheim,2,2,4,,,BL1,2026
2026-02-21T17:30:00Z,RB Leipzig,Borussia Dortmund,2,2,4,,,BL1,2026
2026-02-22T14:30:00Z,SC Freiburg,Borussia Mönchengladbach,2,1,3,,,BL1,2026
2026-02-22T16:30:00Z,FC St. Pauli 1910,SV Werder Bremen,2,1,3,,,BL1,2026
2026-02-22T18:30:00Z,1. FC Heidenheim 1846,VfB Stuttgart,3,3,6,,,BL1,2026
2026-02-27T19:30:00Z,FC Augsburg,1. FC Köln,2,0,2,,,BL1,2026
2026-02-28T14:30:00Z,Bayer 04 Leverkusen,1. FSV Mainz 05,1,1,2,,,BL1,2026
2026-02-28T14:30:00Z,Borussia Mönchengladbach,1. FC Union Berlin,1,0,1,,,BL1,2026
2026-02-28T14:30:00Z,TSG 1899 Hoffenheim,FC St. Pauli 1910,0,1,1,,,BL1,2026
2026-02-28T14:30:00Z,SV Werder Bremen,1. FC Heidenheim 1846,2,0,2,,,BL1,2026
2026-02-28T17:30:00Z,Borussia Dortmund,FC Bayern München,2,3,5,,,BL1,2026
2026-03-01T14:30:00Z,VfB Stuttgart,VfL Wolfsburg,4,0,4,,,BL1,2026
2026-03-01T16:30:00Z,Eintracht Frankfurt,SC Freiburg,2,0,2,,,BL1,2026
2026-03-01T18:30:00Z,Hamburger SV,RB Leipzig,1,2,3,,,BL1,2026
2026-03-04T19:30:00Z,Hamburger SV,Bayer 04 Leverkusen,0,1,1,,,BL1,2026
2026-03-06T19:30:00Z,FC Bayern München,Borussia Mönchengladbach,4,1,5,,,BL1,2026
2026-03-07T14:30:00Z,SC Freiburg,Bayer 04 Leverkusen,3,3,6,,,BL1,2026
2026-03-07T14:30:00Z,1. FSV Mainz 05,VfB Stuttgart,2,2,4,,,BL1,2026
2026-03-07T14:30:00Z,RB Leipzig,FC Augsburg,2,1,3,,,BL1,2026
2026-03-07T14:30:00Z,1. FC Heidenheim 1846,TSG 1899 Hoffenheim,2,4,6,,,BL1,2026
2026-03-07T14:30:00Z,VfL Wolfsburg,Hamburger SV,1,2,3,,,BL1,2026
2025-08-23T16:30:00Z,Genoa CFC,US Lecce,0,0,0,,,SA,2025
2025-08-23T16:30:00Z,US Sassuolo Calcio,SSC Napoli,0,2,2,,,SA,2025
2025-08-23T18:45:00Z,AC Milan,US Cremonese,1,2,3,,,SA,2025
2025-08-23T18:45:00Z,AS Roma,Bologna FC 1909,1,0,1,,,SA,2025
2025-08-24T16:30:00Z,Cagliari Calcio,ACF Fiorentina,1,1,2,,,SA,2025
2025-08-24T16:30:00Z,Como 1907,SS Lazio,2,0,2,,,SA,2025
2025-08-24T18:45:00Z,Atalanta BC,AC Pisa 1909,1,1,2,,,SA,2025
2025-08-24T18:45:00Z,Juventus FC,Parma Calcio 1913,2,0,2,,,SA,2025
2025-08-25T16:30:00Z,Udinese Calcio,Hellas Verona FC,1,1,2,,,SA,2025
2025-08-25T18:45:00Z,FC Internazionale Milano,Torino FC,5,0,5,,,SA,2025
2025-08-29T16:30:00Z,US Cremonese,US Sassuolo Calcio,3,2,5,,,SA,2025
2025-08-29T18:45:00Z,US Lecce,AC Milan,0,2,2,,,SA,2025
2025-08-30T16:30:00Z,Bologna FC 1909,Como 1907,1,0,1,,,SA,2025
2025-08-30T16:30:00Z,Parma Calcio 1913,Atalanta BC,1,1,2,,,SA,2025
2025-08-30T18:45:00Z,SSC Napoli,Cagliari Calcio,1,0,1,,,SA,2025
2025-08-30T18:45:00Z,AC Pisa 1909,AS Roma,0,1,1,,,SA,2025
2025-08-31T16:30:00Z,Genoa CFC,Juventus FC,0,1,1,,,SA,2025
2025-08-31T16:30:00Z,Torino FC,ACF Fiorentina,0,0,0,,,SA,2025
2025-08-31T18:45:00Z,FC Internazionale Milano,Udinese Calcio,1,2,3,,,SA,2025
2025-08-31T18:45:00Z,SS Lazio,Hellas Verona FC,4,0,4,,,SA,2025
2025-09-13T13:00:00Z,Cagliari Calcio,Parma Calcio 1913,2,0,2,,,SA,2025
2025-09-13T16:00:00Z,Juventus FC,FC Internazionale Milano,4,3,7,,,SA,2025
2025-09-13T18:45:00Z,ACF Fiorentina,SSC Napoli,1,3,4,,,SA,2025
2025-09-14T10:30:00Z,AS Roma,Torino FC,0,1,1,,,SA,2025
2025-09-14T13:00:00Z,Atalanta BC,US Lecce,4,1,5,,,SA,2025
2025-09-14T13:00:00Z,AC Pisa 1909,Udinese Calcio,0,1,1,,,SA,2025
2025-09-14T16:00:00Z,US Sassuolo Calcio,SS Lazio,1,0,1,,,SA,2025
2025-09-14T18:45:00Z,AC Milan,Bologna FC 1909,1,0,1,,,SA,2025
2025-09-15T16:30:00Z,Hellas Verona FC,US Cremonese,0,0,0,,,SA,2025
2025-09-15T18:45:00Z,Como 1907,Genoa CFC,1,1,2,,,SA,2025
2025-09-19T18:45:00Z,US Lecce,Cagliari Calcio,1,2,3,,,SA,2025
2025-09-20T13:00:00Z,Bologna FC 1909,Genoa CFC,2,1,3,,,SA,2025
2025-09-20T16:00:00Z,Hellas Verona FC,Juventus FC,1,1,2,,,SA,2025
2025-09-20T18:45:00Z,Udinese Calcio,AC Milan,0,3,3,,,SA,2025
2025-09-21T10:30:00Z,SS Lazio,AS Roma,0,1,1,,,SA,2025
2025-09-21T13:00:00Z,Torino FC,Atalanta BC,0,3,3,,,SA,2025
2025-09-21T13:00:00Z,US Cremonese,Parma Calcio 1913,0,0,0,,,SA,2025
2025-09-21T16:00:00Z,ACF Fiorentina,Como 1907,1,2,3,,,SA,2025
2025-09-21T18:45:00Z,FC Internazionale Milano,US Sassuolo Calcio,2,1,3,,,SA,2025
2025-09-22T18:45:00Z,SSC Napoli,AC Pisa 1909,3,2,5,,,SA,2025
2025-09-27T13:00:00Z,Como 1907,US Cremonese,1,1,2,,,SA,2025
2025-09-27T16:00:00Z,Juventus FC,Atalanta BC,1,1,2,,,SA,2025
2025-09-27T18:45:00Z,Cagliari Calcio,FC Internazionale Milano,0,2,2,,,SA,2025
2025-09-28T10:30:00Z,US Sassuolo Calcio,Udinese Calcio,3,1,4,,,SA,2025
2025-09-28T13:00:00Z,AS Roma,Hellas Verona FC,2,0,2,,,SA,2025
2025-09-28T13:00:00Z,AC Pisa 1909,ACF Fiorentina,0,0,0,,,SA,2025
2025-09-28T16:00:00Z,US Lecce,Bologna FC 1909,2,2,4,,,SA,2025
2025-09-28T18:45:00Z,AC Milan,SSC Napoli,2,1,3,,,SA,2025
2025-09-29T16:30:00Z,Parma Calcio 1913,Torino FC,2,1,3,,,SA,2025
2025-09-29T18:45:00Z,Genoa CFC,SS Lazio,0,3,3,,,SA,2025
2025-10-03T18:45:00Z,Hellas Verona FC,US Sassuolo Calcio,0,1,1,,,SA,2025
2025-10-04T13:00:00Z,SS Lazio,Torino FC,3,3,6,,,SA,2025
2025-10-04T13:00:00Z,Parma Calcio 1913,US Lecce,0,1,1,,,SA,2025
2025-10-04T16:00:00Z,FC Internazionale Milano,US Cremonese,4,1,5,,,SA,2025
2025-10-04T18:45:00Z,Atalanta BC,Como 1907,1,1,2,,,SA,2025
2025-10-05T10:30:00Z,Udinese Calcio,Cagliari Calcio,1,1,2,,,SA,2025
2025-10-05T13:00:00Z,ACF Fiorentina,AS Roma,1,2,3,,,SA,2025
2025-10-05T13:00:00Z,Bologna FC 1909,AC Pisa 1909,4,0,4,,,SA,2025
2025-10-05T16:00:00Z,SSC Napoli,Genoa CFC,2,1,3,,,SA,2025
2025-10-05T18:45:00Z,Juventus FC,AC Milan,0,0,0,,,SA,2025
2025-10-18T13:00:00Z,AC Pisa 1909,Hellas Verona FC,0,0,0,,,SA,2025
2025-10-18T13:00:00Z,US Lecce,US Sassuolo Calcio,0,0,0,,,SA,2025
2025-10-18T16:00:00Z,Torino FC,SSC Napoli,1,0,1,,,SA,2025
2025-10-18T18:45:00Z,AS Roma,FC Internazionale Milano,0,1,1,,,SA,2025
2025-10-19T10:30:00Z,Como 1907,Juventus FC,2,0,2,,,SA,2025
2025-10-19T13:00:00Z,Cagliari Calcio,Bologna FC 1909,0,2,2,,,SA,2025
2025-10-19T13:00:00Z,Genoa CFC,Parma Calcio 1913,0,0,0,,,SA,2025
2025-10-19T16:00:00Z,Atalanta BC,SS Lazio,0,0,0,,,SA,2025
2025-10-19T18:45:00Z,AC Milan,ACF Fiorentina,2,1,3,,,SA,2025
2025-10-20T18:45:00Z,US Cremonese,Udinese Calcio,1,1,2,,,SA,2025
2025-10-24T18:45:00Z,AC Milan,AC Pisa 1909,2,2,4,,,SA,2025
2025-10-25T13:00:00Z,Parma Calcio 1913,Como 1907,0,0,0,,,SA,2025
2025-10-25T13:00:00Z,Udinese Calcio,US Lecce,3,2,5,,,SA,2025
2025-10-25T16:00:00Z,SSC Napoli,FC Internazionale Milano,3,1,4,,,SA,2025
2025-10-25T18:45:00Z,US Cremonese,Atalanta BC,1,1,2,,,SA,2025
2025-10-26T11:30:00Z,Torino FC,Genoa CFC,2,1,3,,,SA,2025
2025-10-26T14:00:00Z,Hellas Verona FC,Cagliari Calcio,2,2,4,,,SA,2025
2025-10-26T14:00:00Z,US Sassuolo Calcio,AS Roma,0,1,1,,,SA,2025
2025-10-26T17:00:00Z,ACF Fiorentina,Bologna FC 1909,2,2,4,,,SA,2025
2025-10-26T19:45:00Z,SS Lazio,Juventus FC,1,0,1,,,SA,2025
2025-10-28T17:30:00Z,US Lecce,SSC Napoli,0,1,1,,,SA,2025
2025-10-28T19:45:00Z,Atalanta BC,AC Milan,1,1,2,,,SA,2025
2025-10-29T17:30:00Z,AS Roma,Parma Calcio 1913,2,1,3,,,SA,2025
2025-10-29T17:30:00Z,Como 1907,Hellas Verona FC,3,1,4,,,SA,2025
2025-10-29T17:30:00Z,Juventus FC,Udinese Calcio,3,1,4,,,SA,2025
2025-10-29T19:45:00Z,Genoa CFC,US Cremonese,0,2,2,,,SA,2025
2025-10-29T19:45:00Z,Bologna FC 1909,Torino FC,0,0,0,,,SA,2025
2025-10-29T19:45:00Z,FC Internazionale Milano,ACF Fiorentina,3,0,3,,,SA,2025
2025-10-30T17:30:00Z,Cagliari Calcio,US Sassuolo Calcio,1,2,3,,,SA,2025
2025-10-30T19:45:00Z,AC Pisa 1909,SS Lazio,0,0,0,,,SA,2025
2025-11-01T14:00:00Z,Udinese Calcio,Atalanta BC,1,0,1,,,SA,2025
2025-11-01T17:00:00Z,SSC Napoli,Como 1907,0,0,0,,,SA,2025
2025-11-01T19:45:00Z,US Cremonese,Juventus FC,1,2,3,,,SA,2025
2025-11-02T11:30:00Z,Hellas Verona FC,FC Internazionale Milano,1,2,3,,,SA,2025
2025-11-02T14:00:00Z,ACF Fiorentina,US Lecce,0,1,1,,,SA,2025
2025-11-02T14:00:00Z,Torino FC,AC Pisa 1909,2,2,4,,,SA,2025
2025-11-02T17:00:00Z,Parma Calcio 1913,Bologna FC 1909,1,3,4,,,SA,2025
2025-11-02T19:45:00Z,AC Milan,AS Roma,1,0,1,,,SA,2025
2025-11-03T17:30:00Z,US Sassuolo Calcio,Genoa CFC,1,2,3,,,SA,2025
2025-11-03T19:45:00Z,SS Lazio,Cagliari Calcio,2,0,2,,,SA,2025
2025-11-07T19:45:00Z,AC Pisa 1909,US Cremonese,1,0,1,,,SA,2025
2025-11-08T14:00:00Z,Como 1907,Cagliari Calcio,0,0,0,,,SA,2025
2025-11-08T14:00:00Z,US Lecce,Hellas Verona FC,0,0,0,,,SA,2025
2025-11-08T17:00:00Z,Juventus FC,Torino FC,0,0,0,,,SA,2025
2025-11-08T19:45:00Z,Parma Calcio 1913,AC Milan,2,2,4,,,SA,2025
2025-11-09T11:30:00Z,Atalanta BC,US Sassuolo Calcio,0,3,3,,,SA,2025
2025-11-09T14:00:00Z,Genoa CFC,ACF Fiorentina,2,2,4,,,SA,2025
2025-11-09T14:00:00Z,Bologna FC 1909,SSC Napoli,2,0,2,,,SA,2025
2025-11-09T17:00:00Z,AS Roma,Udinese Calcio,2,0,2,,,SA,2025
2025-11-09T19:45:00Z,FC Internazionale Milano,SS Lazio,2,0,2,,,SA,2025
2025-11-22T14:00:00Z,Cagliari Calcio,Genoa CFC,3,3,6,,,SA,2025
2025-11-22T14:00:00Z,Udinese Calcio,Bologna FC 1909,0,3,3,,,SA,2025
2025-11-22T17:00:00Z,ACF Fiorentina,Juventus FC,1,1,2,,,SA,2025
2025-11-22T19:45:00Z,SSC Napoli,Atalanta BC,3,1,4,,,SA,2025
2025-11-23T11:30:00Z,Hellas Verona FC,Parma Calcio 1913,1,2,3,,,SA,2025
2025-11-23T14:00:00Z,US Cremonese,AS Roma,1,3,4,,,SA,2025
2025-11-23T17:00:00Z,SS Lazio,US Lecce,2,0,2,,,SA,2025
2025-11-23T19:45:00Z,FC Internazionale Milano,AC Milan,0,1,1,,,SA,2025
2025-11-24T17:30:00Z,Torino FC,Como 1907,1,5,6,,,SA,2025
2025-11-24T19:45:00Z,US Sassuolo Calcio,AC Pisa 1909,2,2,4,,,SA,2025
2025-11-28T19:45:00Z,Como 1907,US Sassuolo Calcio,2,0,2,,,SA,2025
2025-11-29T14:00:00Z,Genoa CFC,Hellas Verona FC,2,1,3,,,SA,2025
2025-11-29T14:00:00Z,Parma Calcio 1913,Udinese Calcio,0,2,2,,,SA,2025
2025-11-29T17:00:00Z,Juventus FC,Cagliari Calcio,2,1,3,,,SA,2025
2025-11-29T19:45:00Z,AC Milan,SS Lazio,1,0,1,,,SA,2025
2025-11-30T11:30:00Z,US Lecce,Torino FC,2,1,3,,,SA,2025
2025-11-30T14:00:00Z,AC Pisa 1909,FC Internazionale Milano,0,2,2,,,SA,2025
2025-11-30T17:00:00Z,Atalanta BC,ACF Fiorentina,2,0,2,,,SA,2025
2025-11-30T19:45:00Z,AS Roma,SSC Napoli,0,1,1,,,SA,2025
2025-12-01T19:45:00Z,Bologna FC 1909,US Cremonese,1,3,4,,,SA,2025
2025-12-06T14:00:00Z,US Sassuolo Calcio,ACF Fiorentina,3,1,4,,,SA,2025
2025-12-06T17:00:00Z,FC Internazionale Milano,Como 1907,4,0,4,,,SA,2025
2025-12-06T19:45:00Z,Hellas Verona FC,Atalanta BC,3,1,4,,,SA,2025
2025-12-07T11:30:00Z,US Cremonese,US Lecce,2,0,2,,,SA,2025
2025-12-07T14:00:00Z,Cagliari Calcio,AS Roma,1,0,1,,,SA,2025
2025-12-07T17:00:00Z,SS Lazio,Bologna FC 1909,1,1,2,,,SA,2025
2025-12-07T19:45:00Z,SSC Napoli,Juventus FC,2,1,3,,,SA,2025
2025-12-08T14:00:00Z,AC Pisa 1909,Parma Calcio 1913,0,1,1,,,SA,2025
2025-12-08T17:00:00Z,Udinese Calcio,Genoa CFC,1,2,3,,,SA,2025
2025-12-08T19:45:00Z,Torino FC,AC Milan,2,3,5,,,SA,2025
2025-12-12T19:45:00Z,US Lecce,AC Pisa 1909,1,0,1,,,SA,2025
2025-12-13T14:00:00Z,Torino FC,US Cremonese,1,0,1,,,SA,2025
2025-12-13T17:00:00Z,Parma Calcio 1913,SS Lazio,0,1,1,,,SA,2025
2025-12-13T19:45:00Z,Atalanta BC,Cagliari Calcio,2,1,3,,,SA,2025
2025-12-14T11:30:00Z,AC Milan,US Sassuolo Calcio,2,2,4,,,SA,2025
2025-12-14T14:00:00Z,ACF Fiorentina,Hellas Verona FC,1,2,3,,,SA,2025
2025-12-14T14:00:00Z,Udinese Calcio,SSC Napoli,1,0,1,,,SA,2025
2025-12-14T17:00:00Z,Genoa CFC,FC Internazionale Milano,1,2,3,,,SA,2025
2025-12-14T19:45:00Z,Bologna FC 1909,Juventus FC,0,1,1,,,SA,2025
2025-12-15T19:45:00Z,AS Roma,Como 1907,1,0,1,,,SA,2025
2025-12-20T17:00:00Z,SS Lazio,US Cremonese,0,0,0,,,SA,2025
2025-12-20T19:45:00Z,Juventus FC,AS Roma,2,1,3,,,SA,2025
2025-12-21T11:30:00Z,Cagliari Calcio,AC Pisa 1909,2,2,4,,,SA,2025
2025-12-21T14:00:00Z,US Sassuolo Calcio,Torino FC,0,1,1,,,SA,2025
2025-12-21T17:00:00Z,ACF Fiorentina,Udinese Calcio,5,1,6,,,SA,2025
2025-12-21T19:45:00Z,Genoa CFC,Atalanta BC,0,1,1,,,SA,2025
2025-12-27T11:30:00Z,Parma Calcio 1913,ACF Fiorentina,1,0,1,,,SA,2025
2025-12-27T14:00:00Z,Torino FC,Cagliari Calcio,1,2,3,,,SA,2025
2025-12-27T14:00:00Z,US Lecce,Como 1907,0,3,3,,,SA,2025
2025-12-27T17:00:00Z,Udinese Calcio,SS Lazio,1,1,2,,,SA,2025
2025-12-27T19:45:00Z,AC Pisa 1909,Juventus FC,0,2,2,,,SA,2025
2025-12-28T11:30:00Z,AC Milan,Hellas Verona FC,3,0,3,,,SA,2025
2025-12-28T14:00:00Z,US Cremonese,SSC Napoli,0,2,2,,,SA,2025
2025-12-28T17:00:00Z,Bologna FC 1909,US Sassuolo Calcio,1,1,2,,,SA,2025
2025-12-28T19:45:00Z,Atalanta BC,FC Internazionale Milano,0,1,1,,,SA,2025
2025-12-29T19:45:00Z,AS Roma,Genoa CFC,3,1,4,,,SA,2025
2026-01-02T19:45:00Z,Cagliari Calcio,AC Milan,0,1,1,,,SA,2026
2026-01-03T11:30:00Z,Como 1907,Udinese Calcio,1,0,1,,,SA,2026
2026-01-03T14:00:00Z,Genoa CFC,AC Pisa 1909,1,1,2,,,SA,2026
2026-01-03T14:00:00Z,US Sassuolo Calcio,Parma Calcio 1913,1,1,2,,,SA,2026
2026-01-03T17:00:00Z,Juventus FC,US Lecce,1,1,2,,,SA,2026
2026-01-03T19:45:00Z,Atalanta BC,AS Roma,1,0,1,,,SA,2026
2026-01-04T11:30:00Z,SS Lazio,SSC Napoli,0,2,2,,,SA,2026
2026-01-04T14:00:00Z,ACF Fiorentina,US Cremonese,1,0,1,,,SA,2026
2026-01-04T17:00:00Z,Hellas Verona FC,Torino FC,0,3,3,,,SA,2026
2026-01-04T19:45:00Z,FC Internazionale Milano,Bologna FC 1909,3,1,4,,,SA,2026
2026-01-06T14:00:00Z,AC Pisa 1909,Como 1907,0,3,3,,,SA,2026
2026-01-06T17:00:00Z,US Lecce,AS Roma,0,2,2,,,SA,2026
2026-01-06T19:45:00Z,US Sassuolo Calcio,Juventus FC,0,3,3,,,SA,2026
2026-01-07T17:30:00Z,Bologna FC 1909,Atalanta BC,0,2,2,,,SA,2026
2026-01-07T17:30:00Z,SSC Napoli,Hellas Verona FC,2,2,4,,,SA,2026
2026-01-07T19:45:00Z,Torino FC,Udinese Calcio,1,2,3,,,SA,2026
2026-01-07T19:45:00Z,SS Lazio,ACF Fiorentina,2,2,4,,,SA,2026
2026-01-07T19:45:00Z,Parma Calcio 1913,FC Internazionale Milano,0,2,2,,,SA,2026
2026-01-08T17:30:00Z,US Cremonese,Cagliari Calcio,2,2,4,,,SA,2026
2026-01-08T19:45:00Z,AC Milan,Genoa CFC,1,1,2,,,SA,2026
2026-01-10T14:00:00Z,Como 1907,Bologna FC 1909,1,1,2,,,SA,2026
2026-01-10T14:00:00Z,Udinese Calcio,AC Pisa 1909,2,2,4,,,SA,2026
2026-01-10T17:00:00Z,AS Roma,US Sassuolo Calcio,2,0,2,,,SA,2026
2026-01-10T19:45:00Z,Atalanta BC,Torino FC,2,0,2,,,SA,2026
2026-01-11T11:30:00Z,US Lecce,Parma Calcio 1913,1,2,3,,,SA,2026
2026-01-11T14:00:00Z,ACF Fiorentina,AC Milan,1,1,2,,,SA,2026
2026-01-11T17:00:00Z,Hellas Verona FC,SS Lazio,0,1,1,,,SA,2026
2026-01-11T19:45:00Z,FC Internazionale Milano,SSC Napoli,2,2,4,,,SA,2026
2026-01-12T17:30:00Z,Genoa CFC,Cagliari Calcio,3,0,3,,,SA,2026
2026-01-12T19:45:00Z,Juventus FC,US Cremonese,5,0,5,,,SA,2026
2026-01-14T17:30:00Z,SSC Napoli,Parma Calcio 1913,0,0,0,,,SA,2026
2026-01-14T19:45:00Z,FC Internazionale Milano,US Lecce,1,0,1,,,SA,2026
2026-01-15T17:30:00Z,Hellas Verona FC,Bologna FC 1909,2,3,5,,,SA,2026
2026-01-15T19:45:00Z,Como 1907,AC Milan,1,3,4,,,SA,2026
2026-01-16T19:45:00Z,AC Pisa 1909,Atalanta BC,1,1,2,,,SA,2026
2026-01-17T14:00:00Z,Udinese Calcio,FC Internazionale Milano,0,1,1,,,SA,2026
2026-01-17T17:00:00Z,SSC Napoli,US Sassuolo Calcio,1,0,1,,,SA,2026
2026-01-17T19:45:00Z,Cagliari Calcio,Juventus FC,1,0,1,,,SA,2026
2026-01-18T11:30:00Z,Parma Calcio 1913,Genoa CFC,0,0,0,,,SA,2026
2026-01-18T14:00:00Z,Bologna FC 1909,ACF Fiorentina,1,2,3,,,SA,2026
2026-01-18T17:00:00Z,Torino FC,AS Roma,0,2,2,,,SA,2026
2026-01-18T19:45:00Z,AC Milan,US Lecce,1,0,1,,,SA,2026
2026-01-19T17:30:00Z,US Cremonese,Hellas Verona FC,0,0,0,,,SA,2026
2026-01-19T19:45:00Z,SS Lazio,Como 1907,0,3,3,,,SA,2026
2026-01-23T19:45:00Z,FC Internazionale Milano,AC Pisa 1909,6,2,8,,,SA,2026
2026-01-24T14:00:00Z,Como 1907,Torino FC,6,0,6,,,SA,2026
2026-01-24T17:00:00Z,ACF Fiorentina,Cagliari Calcio,1,2,3,,,SA,2026
2026-01-24T19:45:00Z,US Lecce,SS Lazio,0,0,0,,,SA,2026
2026-01-25T11:30:00Z,US Sassuolo Calcio,US Cremonese,1,0,1,,,SA,2026
2026-01-25T14:00:00Z,Atalanta BC,Parma Calcio 1913,4,0,4,,,SA,2026
2026-01-25T14:00:00Z,Genoa CFC,Bologna FC 1909,3,2,5,,,SA,2026
2026-01-25T17:00:00Z,Juventus FC,SSC Napoli,3,0,3,,,SA,2026
2026-01-25T19:45:00Z,AS Roma,AC Milan,1,1,2,,,SA,2026
2026-01-26T19:45:00Z,Hellas Verona FC,Udinese Calcio,1,3,4,,,SA,2026
2026-01-30T19:45:00Z,SS Lazio,Genoa CFC,3,2,5,,,SA,2026
2026-01-31T14:00:00Z,AC Pisa 1909,US Sassuolo Calcio,1,3,4,,,SA,2026
2026-01-31T17:00:00Z,SSC Napoli,ACF Fiorentina,2,1,3,,,SA,2026
2026-01-31T19:45:00Z,Cagliari Calcio,Hellas Verona FC,4,0,4,,,SA,2026
2026-02-01T11:30:00Z,Torino FC,US Lecce,1,0,1,,,SA,2026
2026-02-01T14:00:00Z,Como 1907,Atalanta BC,0,0,0,,,SA,2026
2026-02-01T17:00:00Z,US Cremonese,FC Internazionale Milano,0,2,2,,,SA,2026
2026-02-01T19:45:00Z,Parma Calcio 1913,Juventus FC,1,4,5,,,SA,2026
2026-02-02T19:45:00Z,Udinese Calcio,AS Roma,1,0,1,,,SA,2026
2026-02-03T19:45:00Z,Bologna FC 1909,AC Milan,0,3,3,,,SA,2026
2026-02-06T19:45:00Z,Hellas Verona FC,AC Pisa 1909,0,0,0,,,SA,2026
2026-02-07T17:00:00Z,Genoa CFC,SSC Napoli,2,3,5,,,SA,2026
2026-02-07T19:45:00Z,ACF Fiorentina,Torino FC,2,2,4,,,SA,2026
2026-02-08T11:30:00Z,Bologna FC 1909,Parma Calcio 1913,0,1,1,,,SA,2026
2026-02-08T14:00:00Z,US Lecce,Udinese Calcio,2,1,3,,,SA,2026
2026-02-08T17:00:00Z,US Sassuolo Calcio,FC Internazionale Milano,0,5,5,,,SA,2026
2026-02-08T19:45:00Z,Juventus FC,SS Lazio,2,2,4,,,SA,2026
2026-02-09T17:30:00Z,Atalanta BC,US Cremonese,2,1,3,,,SA,2026
2026-02-09T19:45:00Z,AS Roma,Cagliari Calcio,2,0,2,,,SA,2026
2026-02-13T19:45:00Z,AC Pisa 1909,AC Milan,1,2,3,,,SA,2026
2026-02-14T14:00:00Z,Como 1907,ACF Fiorentina,1,2,3,,,SA,2026
2026-02-14T17:00:00Z,SS Lazio,Atalanta BC,0,2,2,,,SA,2026
2026-02-14T19:45:00Z,FC Internazionale Milano,Juventus FC,3,2,5,,,SA,2026
2026-02-15T11:30:00Z,Udinese Calcio,US Sassuolo Calcio,1,2,3,,,SA,2026
2026-02-15T14:00:00Z,Parma Calcio 1913,Hellas Verona FC,2,1,3,,,SA,2026
2026-02-15T14:00:00Z,US Cremonese,Genoa CFC,0,0,0,,,SA,2026
2026-02-15T17:00:00Z,Torino FC,Bologna FC 1909,1,2,3,,,SA,2026
2026-02-15T19:45:00Z,SSC Napoli,AS Roma,2,2,4,,,SA,2026
2026-02-16T19:45:00Z,Cagliari Calcio,US Lecce,0,2,2,,,SA,2026
2026-02-18T19:45:00Z,AC Milan,Como 1907,1,1,2,,,SA,2026
2026-02-20T19:45:00Z,US Sassuolo Calcio,Hellas Verona FC,3,0,3,,,SA,2026
2026-02-21T14:00:00Z,Juventus FC,Como 1907,0,2,2,,,SA,2026
2026-02-21T17:00:00Z,US Lecce,FC Internazionale Milano,0,2,2,,,SA,2026
2026-02-21T19:45:00Z,Cagliari Calcio,SS Lazio,0,0,0,,,SA,2026
2026-02-22T11:30:00Z,Genoa CFC,Torino FC,3,0,3,,,SA,2026
2026-02-22T14:00:00Z,Atalanta BC,SSC Napoli,2,1,3,,,SA,2026
2026-02-22T17:00:00Z,AC Milan,Parma Calcio 1913,0,1,1,,,SA,2026
2026-02-22T19:45:00Z,AS Roma,US Cremonese,3,0,3,,,SA,2026
2026-02-23T17:30:00Z,ACF Fiorentina,AC Pisa 1909,1,0,1,,,SA,2026
2026-02-23T19:45:00Z,Bologna FC 1909,Udinese Calcio,1,0,1,,,SA,2026
2026-02-27T19:45:00Z,Parma Calcio 1913,Cagliari Calcio,1,1,2,,,SA,2026
2026-02-28T14:00:00Z,Como 1907,US Lecce,3,1,4,,,SA,2026
2026-02-28T17:00:00Z,Hellas Verona FC,SSC Napoli,1,2,3,,,SA,2026
2026-02-28T19:45:00Z,FC Internazionale Milano,Genoa CFC,2,0,2,,,SA,2026
2026-03-01T11:30:00Z,US Cremonese,AC Milan,0,2,2,,,SA,2026
2026-03-01T14:00:00Z,US Sassuolo Calcio,Atalanta BC,2,1,3,,,SA,2026
2026-03-01T17:00:00Z,Torino FC,SS Lazio,2,0,2,,,SA,2026
2026-03-01T19:45:00Z,AS Roma,Juventus FC,3,3,6,,,SA,2026
2026-03-02T17:30:00Z,AC Pisa 1909,Bologna FC 1909,0,1,1,,,SA,2026
2026-03-02T19:45:00Z,Udinese Calcio,ACF Fiorentina,3,0,3,,,SA,2026
2026-03-06T19:45:00Z,SSC Napoli,Torino FC,2,1,3,,,SA,2026
2026-03-07T14:00:00Z,Cagliari Calcio,Como 1907,1,2,3,,,SA,2026
2025-08-15T18:45:00Z,Stade Rennais FC 1901,Olympique de Marseille,1,0,1,,,FL1,2025
2025-08-16T15:00:00Z,Racing Club de Lens,Olympique Lyonnais,0,1,1,,,FL1,2025
2025-08-16T17:00:00Z,AS Monaco FC,Le Havre AC,3,1,4,,,FL1,2025
2025-08-16T19:05:00Z,OGC Nice,Toulouse FC,0,1,1,,,FL1,2025
2025-08-17T13:00:00Z,Stade Brestois 29,Lille OSC,3,3,6,,,FL1,2025
2025-08-17T15:15:00Z,AJ Auxerre,FC Lorient,1,0,1,,,FL1,2025
2025-08-17T15:15:00Z,FC Metz,RC Strasbourg Alsace,0,1,1,,,FL1,2025
2025-08-17T15:15:00Z,Angers SCO,Paris FC,1,0,1,,,FL1,2025
2025-08-17T18:45:00Z,FC Nantes,Paris Saint-Germain FC,0,1,1,,,FL1,2025
2025-08-22T18:45:00Z,Paris Saint-Germain FC,Angers SCO,1,0,1,,,FL1,2025
2025-08-23T15:00:00Z,Olympique de Marseille,Paris FC,5,2,7,,,FL1,2025
2025-08-23T17:00:00Z,OGC Nice,AJ Auxerre,3,1,4,,,FL1,2025
2025-08-23T19:05:00Z,Olympique Lyonnais,FC Metz,3,0,3,,,FL1,2025
2025-08-24T13:00:00Z,FC Lorient,Stade Rennais FC 1901,4,0,4,,,FL1,2025
2025-08-24T15:15:00Z,Le Havre AC,Racing Club de Lens,1,2,3,,,FL1,2025
2025-08-24T15:15:00Z,Toulouse FC,Stade Brestois 29,2,0,2,,,FL1,2025
2025-08-24T15:15:00Z,RC Strasbourg Alsace,FC Nantes,1,0,1,,,FL1,2025
2025-08-24T18:45:00Z,Lille OSC,AS Monaco FC,1,0,1,,,FL1,2025
2025-08-29T18:45:00Z,Racing Club de Lens,Stade Brestois 29,3,1,4,,,FL1,2025
2025-08-30T15:00:00Z,FC Lorient,Lille OSC,1,7,8,,,FL1,2025
2025-08-30T17:00:00Z,FC Nantes,AJ Auxerre,1,0,1,,,FL1,2025
2025-08-30T19:05:00Z,Toulouse FC,Paris Saint-Germain FC,3,6,9,,,FL1,2025
2025-08-31T13:00:00Z,Angers SCO,Stade Rennais FC 1901,1,1,2,,,FL1,2025
2025-08-31T15:15:00Z,Le Havre AC,OGC Nice,3,1,4,,,FL1,2025
2025-08-31T15:15:00Z,AS Monaco FC,RC Strasbourg Alsace,3,2,5,,,FL1,2025
2025-08-31T15:15:00Z,Paris FC,FC Metz,3,2,5,,,FL1,2025
2025-08-31T18:45:00Z,Olympique Lyonnais,Olympique de Marseille,1,0,1,,,FL1,2025
2025-09-12T18:45:00Z,Olympique de Marseille,FC Lorient,4,0,4,,,FL1,2025
2025-09-13T15:00:00Z,OGC Nice,FC Nantes,1,0,1,,,FL1,2025
2025-09-13T19:05:00Z,AJ Auxerre,AS Monaco FC,1,2,3,,,FL1,2025
2025-09-14T13:00:00Z,Lille OSC,Toulouse FC,2,1,3,,,FL1,2025
2025-09-14T15:15:00Z,FC Metz,Angers SCO,1,1,2,,,FL1,2025
2025-09-14T15:15:00Z,Paris Saint-Germain FC,Racing Club de Lens,2,0,2,,,FL1,2025
2025-09-14T15:15:00Z,RC Strasbourg Alsace,Le Havre AC,1,0,1,,,FL1,2025
2025-09-14T15:15:00Z,Stade Brestois 29,Paris FC,1,2,3,,,FL1,2025
2025-09-14T18:45:00Z,Stade Rennais FC 1901,Olympique Lyonnais,3,1,4,,,FL1,2025
2025-09-19T18:45:00Z,Olympique Lyonnais,Angers SCO,1,0,1,,,FL1,2025
2025-09-20T15:00:00Z,FC Nantes,Stade Rennais FC 1901,2,2,4,,,FL1,2025
2025-09-20T17:00:00Z,Stade Brestois 29,OGC Nice,4,1,5,,,FL1,2025
2025-09-20T19:05:00Z,Racing Club de Lens,Lille OSC,3,0,3,,,FL1,2025
2025-09-21T13:00:00Z,Paris FC,RC Strasbourg Alsace,2,3,5,,,FL1,2025
2025-09-21T15:15:00Z,Le Havre AC,FC Lorient,1,1,2,,,FL1,2025
2025-09-21T15:15:00Z,AJ Auxerre,Toulouse FC,1,0,1,,,FL1,2025
2025-09-21T15:15:00Z,AS Monaco FC,FC Metz,5,2,7,,,FL1,2025
2025-09-22T18:00:00Z,Olympique de Marseille,Paris Saint-Germain FC,1,0,1,,,FL1,2025
2025-09-26T18:45:00Z,RC Strasbourg Alsace,Olympique de Marseille,1,2,3,,,FL1,2025
2025-09-27T15:00:00Z,FC Lorient,AS Monaco FC,3,1,4,,,FL1,2025
2025-09-27T17:00:00Z,Toulouse FC,FC Nantes,2,2,4,,,FL1,2025
2025-09-27T19:05:00Z,Paris Saint-Germain FC,AJ Auxerre,2,0,2,,,FL1,2025
2025-09-28T13:00:00Z,OGC Nice,Paris FC,1,1,2,,,FL1,2025
2025-09-28T15:15:00Z,FC Metz,Le Havre AC,0,0,0,,,FL1,2025
2025-09-28T15:15:00Z,Lille OSC,Olympique Lyonnais,0,1,1,,,FL1,2025
2025-09-28T15:15:00Z,Angers SCO,Stade Brestois 29,0,2,2,,,FL1,2025
2025-09-28T18:45:00Z,Stade Rennais FC 1901,Racing Club de Lens,0,0,0,,,FL1,2025
2025-10-03T18:45:00Z,Paris FC,FC Lorient,2,0,2,,,FL1,2025
2025-10-04T15:00:00Z,FC Metz,Olympique de Marseille,0,3,3,,,FL1,2025
2025-10-04T17:00:00Z,Stade Brestois 29,FC Nantes,0,0,0,,,FL1,2025
2025-10-04T19:05:00Z,AJ Auxerre,Racing Club de Lens,1,2,3,,,FL1,2025
2025-10-05T13:00:00Z,Olympique Lyonnais,Toulouse FC,1,2,3,,,FL1,2025
2025-10-05T15:15:00Z,RC Strasbourg Alsace,Angers SCO,5,0,5,,,FL1,2025
2025-10-05T15:15:00Z,Le Havre AC,Stade Rennais FC 1901,2,2,4,,,FL1,2025
2025-10-05T15:15:00Z,AS Monaco FC,OGC Nice,2,2,4,,,FL1,2025
2025-10-05T18:45:00Z,Lille OSC,Paris Saint-Germain FC,1,1,2,,,FL1,2025
2025-10-17T18:45:00Z,Paris Saint-Germain FC,RC Strasbourg Alsace,3,3,6,,,FL1,2025
2025-10-18T15:00:00Z,OGC Nice,Olympique Lyonnais,3,2,5,,,FL1,2025
2025-10-18T17:00:00Z,Angers SCO,AS Monaco FC,1,1,2,,,FL1,2025
2025-10-18T19:05:00Z,Olympique de Marseille,Le Havre AC,6,2,8,,,FL1,2025
2025-10-19T13:00:00Z,Racing Club de Lens,Paris FC,2,1,3,,,FL1,2025
2025-10-19T15:15:00Z,FC Lorient,Stade Brestois 29,3,3,6,,,FL1,2025
2025-10-19T15:15:00Z,Toulouse FC,FC Metz,4,0,4,,,FL1,2025
2025-10-19T15:15:00Z,Stade Rennais FC 1901,AJ Auxerre,2,2,4,,,FL1,2025
2025-10-19T18:45:00Z,FC Nantes,Lille OSC,0,2,2,,,FL1,2025
2025-10-24T18:45:00Z,Paris FC,FC Nantes,1,2,3,,,FL1,2025
2025-10-25T15:00:00Z,Stade Brestois 29,Paris Saint-Germain FC,0,3,3,,,FL1,2025
2025-10-25T17:00:00Z,AS Monaco FC,Toulouse FC,1,0,1,,,FL1,2025
2025-10-25T19:05:00Z,Racing Club de Lens,Olympique de Marseille,2,1,3,,,FL1,2025
2025-10-26T14:00:00Z,Lille OSC,FC Metz,6,1,7,,,FL1,2025
2025-10-26T16:15:00Z,AJ Auxerre,Le Havre AC,0,1,1,,,FL1,2025
2025-10-26T16:15:00Z,Angers SCO,FC Lorient,2,0,2,,,FL1,2025
2025-10-26T16:15:00Z,Stade Rennais FC 1901,OGC Nice,1,2,3,,,FL1,2025
2025-10-26T19:45:00Z,Olympique Lyonnais,RC Strasbourg Alsace,2,1,3,,,FL1,2025
2025-10-29T18:00:00Z,Le Havre AC,Stade Brestois 29,1,0,1,,,FL1,2025
2025-10-29T18:00:00Z,FC Lorient,Paris Saint-Germain FC,1,1,2,,,FL1,2025
2025-10-29T18:00:00Z,FC Metz,Racing Club de Lens,2,0,2,,,FL1,2025
2025-10-29T18:00:00Z,OGC Nice,Lille OSC,2,0,2,,,FL1,2025
2025-10-29T20:05:00Z,FC Nantes,AS Monaco FC,3,5,8,,,FL1,2025
2025-10-29T20:05:00Z,Paris FC,Olympique Lyonnais,3,3,6,,,FL1,2025
2025-10-29T20:05:00Z,Toulouse FC,Stade Rennais FC 1901,2,2,4,,,FL1,2025
2025-10-29T20:05:00Z,Olympique de Marseille,Angers SCO,2,2,4,,,FL1,2025
2025-10-29T20:05:00Z,RC Strasbourg Alsace,AJ Auxerre,3,0,3,,,FL1,2025
2025-11-01T16:00:00Z,Paris Saint-Germain FC,OGC Nice,1,0,1,,,FL1,2025
2025-11-01T18:00:00Z,AS Monaco FC,Paris FC,0,1,1,,,FL1,2025
2025-11-01T20:05:00Z,AJ Auxerre,Olympique de Marseille,0,1,1,,,FL1,2025
2025-11-02T14:00:00Z,Stade Rennais FC 1901,RC Strasbourg Alsace,4,1,5,,,FL1,2025
2025-11-02T16:15:00Z,FC Nantes,FC Metz,0,2,2,,,FL1,2025
2025-11-02T16:15:00Z,Toulouse FC,Le Havre AC,0,0,0,,,FL1,2025
2025-11-02T16:15:00Z,Lille OSC,Angers SCO,1,0,1,,,FL1,2025
2025-11-02T16:15:00Z,Racing Club de Lens,FC Lorient,3,0,3,,,FL1,2025
2025-11-02T19:45:00Z,Stade Brestois 29,Olympique Lyonnais,0,0,0,,,FL1,2025
2025-11-07T19:45:00Z,Paris FC,Stade Rennais FC 1901,0,1,1,,,FL1,2025
2025-11-08T16:00:00Z,Olympique de Marseille,Stade Brestois 29,3,0,3,,,FL1,2025
2025-11-08T18:00:00Z,Le Havre AC,FC Nantes,1,1,2,,,FL1,2025
2025-11-08T20:05:00Z,AS Monaco FC,Racing Club de Lens,1,4,5,,,FL1,2025
2025-11-09T14:00:00Z,FC Lorient,Toulouse FC,1,1,2,,,FL1,2025
2025-11-09T16:15:00Z,FC Metz,OGC Nice,2,1,3,,,FL1,2025
2025-11-09T16:15:00Z,RC Strasbourg Alsace,Lille OSC,2,0,2,,,FL1,2025
2025-11-09T16:15:00Z,Angers SCO,AJ Auxerre,2,0,2,,,FL1,2025
2025-11-09T19:45:00Z,Olympique Lyonnais,Paris Saint-Germain FC,2,3,5,,,FL1,2025
2025-11-21T19:45:00Z,OGC Nice,Olympique de Marseille,1,5,6,,,FL1,2025
2025-11-22T16:00:00Z,Racing Club de Lens,RC Strasbourg Alsace,1,0,1,,,FL1,2025
2025-11-22T18:00:00Z,Stade Rennais FC 1901,AS Monaco FC,4,1,5,,,FL1,2025
2025-11-22T20:05:00Z,Paris Saint-Germain FC,Le Havre AC,3,0,3,,,FL1,2025
2025-11-23T14:00:00Z,AJ Auxerre,Olympique Lyonnais,0,0,0,,,FL1,2025
2025-11-23T16:15:00Z,FC Nantes,FC Lorient,1,1,2,,,FL1,2025
2025-11-23T16:15:00Z,Toulouse FC,Angers SCO,0,1,1,,,FL1,2025
2025-11-23T16:15:00Z,Stade Brestois 29,FC Metz,3,2,5,,,FL1,2025
2025-11-23T19:45:00Z,Lille OSC,Paris FC,4,2,6,,,FL1,2025
2025-11-28T19:45:00Z,FC Metz,Stade Rennais FC 1901,0,1,1,,,FL1,2025
2025-11-29T16:00:00Z,AS Monaco FC,Paris Saint-Germain FC,1,0,1,,,FL1,2025
2025-11-29T18:00:00Z,Paris FC,AJ Auxerre,1,1,2,,,FL1,2025
2025-11-29T20:05:00Z,Olympique de Marseille,Toulouse FC,2,2,4,,,FL1,2025
2025-11-30T14:00:00Z,RC Strasbourg Alsace,Stade Brestois 29,1,2,3,,,FL1,2025
2025-11-30T16:15:00Z,Le Havre AC,Lille OSC,0,1,1,,,FL1,2025
2025-11-30T16:15:00Z,FC Lorient,OGC Nice,3,1,4,,,FL1,2025
2025-11-30T16:15:00Z,Angers SCO,Racing Club de Lens,1,2,3,,,FL1,2025
2025-11-30T19:45:00Z,Olympique Lyonnais,FC Nantes,3,0,3,,,FL1,2025
2025-12-05T18:00:00Z,Stade Brestois 29,AS Monaco FC,1,0,1,,,FL1,2025
2025-12-05T20:00:00Z,Lille OSC,Olympique de Marseille,1,0,1,,,FL1,2025
2025-12-06T16:00:00Z,FC Nantes,Racing Club de Lens,1,2,3,,,FL1,2025
2025-12-06T18:00:00Z,Toulouse FC,RC Strasbourg Alsace,1,0,1,,,FL1,2025
2025-12-06T20:05:00Z,Paris Saint-Germain FC,Stade Rennais FC 1901,5,0,5,,,FL1,2025
2025-12-07T14:00:00Z,OGC Nice,Angers SCO,0,1,1,,,FL1,2025
2025-12-07T16:15:00Z,Le Havre AC,Paris FC,0,0,0,,,FL1,2025
2025-12-07T16:15:00Z,AJ Auxerre,FC Metz,3,1,4,,,FL1,2025
2025-12-07T19:45:00Z,FC Lorient,Olympique Lyonnais,1,0,1,,,FL1,2025
2025-12-12T19:45:00Z,Angers SCO,FC Nantes,4,1,5,,,FL1,2025
2025-12-13T16:00:00Z,Stade Rennais FC 1901,Stade Brestois 29,3,1,4,,,FL1,2025
2025-12-13T18:00:00Z,FC Metz,Paris Saint-Germain FC,2,3,5,,,FL1,2025
2025-12-13T20:05:00Z,Paris FC,Toulouse FC,0,3,3,,,FL1,2025
2025-12-14T14:00:00Z,Olympique Lyonnais,Le Havre AC,1,0,1,,,FL1,2025
2025-12-14T16:15:00Z,AJ Auxerre,Lille OSC,3,4,7,,,FL1,2025
2025-12-14T16:15:00Z,RC Strasbourg Alsace,FC Lorient,0,0,0,,,FL1,2025
2025-12-14T16:15:00Z,Racing Club de Lens,OGC Nice,2,0,2,,,FL1,2025
2025-12-14T19:45:00Z,Olympique de Marseille,AS Monaco FC,1,0,1,,,FL1,2025
2026-01-02T19:45:00Z,Toulouse FC,Racing Club de Lens,0,3,3,,,FL1,2026
2026-01-03T16:00:00Z,AS Monaco FC,Olympique Lyonnais,1,3,4,,,FL1,2026
2026-01-03T18:00:00Z,OGC Nice,RC Strasbourg Alsace,1,1,2,,,FL1,2026
2026-01-03T20:05:00Z,Lille OSC,Stade Rennais FC 1901,0,2,2,,,FL1,2026
2026-01-04T14:00:00Z,Olympique de Marseille,FC Nantes,0,2,2,,,FL1,2026
2026-01-04T16:15:00Z,Le Havre AC,Angers SCO,2,1,3,,,FL1,2026
2026-01-04T16:15:00Z,FC Lorient,FC Metz,1,1,2,,,FL1,2026
2026-01-04T16:15:00Z,Stade Brestois 29,AJ Auxerre,2,0,2,,,FL1,2026
2026-01-04T19:45:00Z,Paris Saint-Germain FC,Paris FC,2,1,3,,,FL1,2026
2026-01-16T18:00:00Z,AS Monaco FC,FC Lorient,1,3,4,,,FL1,2026
2026-01-16T20:00:00Z,Paris Saint-Germain FC,Lille OSC,3,0,3,,,FL1,2026
2026-01-17T16:00:00Z,Racing Club de Lens,AJ Auxerre,1,0,1,,,FL1,2026
2026-01-17T18:00:00Z,Toulouse FC,OGC Nice,5,1,6,,,FL1,2026
2026-01-17T20:05:00Z,Angers SCO,Olympique de Marseille,2,5,7,,,FL1,2026
2026-01-18T14:00:00Z,RC Strasbourg Alsace,FC Metz,2,1,3,,,FL1,2026
2026-01-18T16:15:00Z,FC Nantes,Paris FC,1,2,3,,,FL1,2026
2026-01-18T16:15:00Z,Stade Rennais FC 1901,Le Havre AC,1,1,2,,,FL1,2026
2026-01-18T19:45:00Z,Olympique Lyonnais,Stade Brestois 29,2,1,3,,,FL1,2026
2026-01-23T19:00:00Z,AJ Auxerre,Paris Saint-Germain FC,0,1,1,,,FL1,2026
2026-01-24T16:00:00Z,Stade Rennais FC 1901,FC Lorient,0,2,2,,,FL1,2026
2026-01-24T18:00:00Z,Le Havre AC,AS Monaco FC,0,0,0,,,FL1,2026
2026-01-24T20:05:00Z,Olympique de Marseille,Racing Club de Lens,3,1,4,,,FL1,2026
2026-01-25T14:00:00Z,FC Nantes,OGC Nice,1,4,5,,,FL1,2026
2026-01-25T16:15:00Z,FC Metz,Olympique Lyonnais,2,5,7,,,FL1,2026
2026-01-25T16:15:00Z,Paris FC,Angers SCO,0,0,0,,,FL1,2026
2026-01-25T16:15:00Z,Stade Brestois 29,Toulouse FC,0,2,2,,,FL1,2026
2026-01-25T19:45:00Z,Lille OSC,RC Strasbourg Alsace,1,4,5,,,FL1,2026
2026-01-30T19:45:00Z,Racing Club de Lens,Le Havre AC,1,0,1,,,FL1,2026
2026-01-31T16:00:00Z,Paris FC,Olympique de Marseille,2,2,4,,,FL1,2026
2026-01-31T18:00:00Z,FC Lorient,FC Nantes,2,1,3,,,FL1,2026
2026-01-31T20:05:00Z,AS Monaco FC,Stade Rennais FC 1901,4,0,4,,,FL1,2026
2026-02-01T14:00:00Z,Olympique Lyonnais,Lille OSC,1,0,1,,,FL1,2026
2026-02-01T16:15:00Z,Toulouse FC,AJ Auxerre,0,0,0,,,FL1,2026
2026-02-01T16:15:00Z,OGC Nice,Stade Brestois 29,2,2,4,,,FL1,2026
2026-02-01T16:15:00Z,Angers SCO,FC Metz,1,0,1,,,FL1,2026
2026-02-01T19:45:00Z,RC Strasbourg Alsace,Paris Saint-Germain FC,1,2,3,,,FL1,2026
2026-02-06T19:45:00Z,FC Metz,Lille OSC,0,0,0,,,FL1,2026
2026-02-07T16:00:00Z,Racing Club de Lens,Stade Rennais FC 1901,3,1,4,,,FL1,2026
2026-02-07T18:00:00Z,Stade Brestois 29,FC Lorient,2,0,2,,,FL1,2026
2026-02-07T20:05:00Z,FC Nantes,Olympique Lyonnais,0,1,1,,,FL1,2026
2026-02-08T14:00:00Z,OGC Nice,AS Monaco FC,0,0,0,,,FL1,2026
2026-02-08T16:15:00Z,Le Havre AC,RC Strasbourg Alsace,2,1,3,,,FL1,2026
2026-02-08T16:15:00Z,AJ Auxerre,Paris FC,0,0,0,,,FL1,2026
2026-02-08T16:15:00Z,Angers SCO,Toulouse FC,1,0,1,,,FL1,2026
2026-02-08T19:45:00Z,Paris Saint-Germain FC,Olympique de Marseille,5,0,5,,,FL1,2026
2026-02-13T18:00:00Z,Stade Rennais FC 1901,Paris Saint-Germain FC,3,1,4,,,FL1,2026
2026-02-13T20:05:00Z,AS Monaco FC,FC Nantes,3,1,4,,,FL1,2026
2026-02-14T16:00:00Z,Olympique de Marseille,RC Strasbourg Alsace,2,2,4,,,FL1,2026
2026-02-14T18:00:00Z,Lille OSC,Stade Brestois 29,1,1,2,,,FL1,2026
2026-02-14T20:05:00Z,Paris FC,Racing Club de Lens,0,5,5,,,FL1,2026
2026-02-15T14:00:00Z,Le Havre AC,Toulouse FC,2,1,3,,,FL1,2026
2026-02-15T16:15:00Z,FC Lorient,Angers SCO,2,0,2,,,FL1,2026
2026-02-15T16:15:00Z,FC Metz,AJ Auxerre,1,3,4,,,FL1,2026
2026-02-15T19:45:00Z,Olympique Lyonnais,OGC Nice,2,0,2,,,FL1,2026
2026-02-20T19:45:00Z,Stade Brestois 29,Olympique de Marseille,2,0,2,,,FL1,2026
2026-02-21T16:00:00Z,Racing Club de Lens,AS Monaco FC,2,3,5,,,FL1,2026
2026-02-21T18:00:00Z,Toulouse FC,Paris FC,1,1,2,,,FL1,2026
2026-02-21T20:05:00Z,Paris Saint-Germain FC,FC Metz,3,0,3,,,FL1,2026
2026-02-22T14:00:00Z,AJ Auxerre,Stade Rennais FC 1901,0,3,3,,,FL1,2026
2026-02-22T16:15:00Z,FC Nantes,Le Havre AC,2,0,2,,,FL1,2026
2026-02-22T16:15:00Z,OGC Nice,FC Lorient,3,3,6,,,FL1,2026
2026-02-22T16:15:00Z,Angers SCO,Lille OSC,0,1,1,,,FL1,2026
2026-02-22T19:45:00Z,RC Strasbourg Alsace,Olympique Lyonnais,3,1,4,,,FL1,2026
2026-02-27T19:45:00Z,RC Strasbourg Alsace,Racing Club de Lens,1,1,2,,,FL1,2026
2026-02-28T16:00:00Z,Stade Rennais FC 1901,Toulouse FC,1,0,1,,,FL1,2026
2026-02-28T18:00:00Z,AS Monaco FC,Angers SCO,2,0,2,,,FL1,2026
2026-02-28T20:05:00Z,Le Havre AC,Paris Saint-Germain FC,0,1,1,,,FL1,2026
2026-03-01T14:00:00Z,Paris FC,OGC Nice,1,0,1,,,FL1,2026
2026-03-01T16:15:00Z,FC Lorient,AJ Auxerre,2,2,4,,,FL1,2026
2026-03-01T16:15:00Z,FC Metz,Stade Brestois 29,0,1,1,,,FL1,2026
2026-03-01T16:15:00Z,Lille OSC,FC Nantes,1,0,1,,,FL1,2026
2026-03-01T19:45:00Z,Olympique de Marseille,Olympique Lyonnais,3,2,5,,,FL1,2026
2026-03-06T19:45:00Z,Paris Saint-Germain FC,AS Monaco FC,1,3,4,,,FL1,2026
2026-03-07T16:00:00Z,FC Nantes,Angers SCO,0,1,1,,,FL1,2026
